academic_year,sending_institution,receiving_institution,major,group,section,category,receiving_type,receiving_requirement,sending_courses,sending_course_options,fulfillment_options,no_articulation_reason,denied_courses,template_cell_id
2025-2026,Monterey Peninsula College,"California State University, Monterey Bay",AGPS Agricultural Plant & Soil Science,,,AGPS Agricultural Plant & Soil Science,Course,AGPS 108 - Tractor Operation,,[],[],,[],
2025-2026,Monterey Peninsula College,"California State University, Monterey Bay",AGPS Agricultural Plant & Soil Science,,,AGPS Agricultural Plant & Soil Science,Course,AGPS 128 - Intro to Soil Science,HORT 53 - Soil Science and Management,['HORT 53 - Soil Science and Management'],"[{'option': 1, 'groups': [{'group_conjunction': 'AND', 'courses': ['HORT 53 - Soil Science and Management']}], 'courses': ['HORT 53 - Soil Science and Management'], 'must_take_together': False}]",,[],
2025-2026,Monterey Peninsula College,"California State University, Monterey Bay",AGPS Agricultural Plant & Soil Science,,,AGPS Agricultural Plant & Soil Science,Course,AGPS 181 - Plant Materials & Usage- Spring,"HORT 61 - Plant Identification: Shrubs, Vines, and Ground Covers","['HORT 61 - Plant Identification: Shrubs, Vines, and Ground Covers']","[{'option': 1, 'groups': [{'group_conjunction': 'AND', 'courses': ['HORT 61 - Plant Identification: Shrubs, Vines, and Ground Covers']}], 'courses': ['HORT 61 - Plant Identification: Shrubs, Vines, and Ground Covers'], 'must_take_together': False}]",,[],
2025-2026,Monterey Peninsula College,"California State University, Monterey Bay",AGPS Agricultural Plant & Soil Science,,,AGPS Agricultural Plant & Soil Science,Course,AGPS 182 - Plant Materials & Usage- Fall,"HORT 62 - Plant Identification: Trees, Annuals, and Perennials","['HORT 62 - Plant Identification: Trees, Annuals, and Perennials']","[{'option': 1, 'groups': [{'group_conjunction': 'AND', 'courses': ['HORT 62 - Plant Identification: Trees, Annuals, and Perennials']}], 'courses': ['HORT 62 - Plant Identification: Trees, Annuals, and Perennials'], 'must_take_together': False}]",,[],
2025-2026,Monterey Peninsula College,"California State University, Monterey Bay",AGPS Agricultural Plant & Soil Science,,,AGPS Agricultural Plant & Soil Science,Course,AGPS 191 - Small Fruit Production,,[],[],,[],
2025-2026,Monterey Peninsula College,"California State University, Monterey Bay",AGPS Agricultural Plant & Soil Science,,,AGPS Agricultural Plant & Soil Science,Course,AGPS 192 - Vegetable Crop Production,,[],[],,[],
2025-2026,Monterey Peninsula College,"California State University, Monterey Bay",AGPS Agricultural Plant & Soil Science,,,AGPS Agricultural Plant & Soil Science,Course,AGPS 205 - Organic Crop Production,,[],[],,[],
2025-2026,Monterey Peninsula College,"California State University, Monterey Bay",AGPS Agricultural Plant & Soil Science,,,AGPS Agricultural Plant & Soil Science,Course,AGPS 209 - Plants and Climate Change,,[],[],,[],
2025-2026,Monterey Peninsula College,"California State University, Monterey Bay",AGPS Agricultural Plant & Soil Science,,,AGPS Agricultural Plant & Soil Science,Course,AGPS 213 - Principles of Viticulture,,[],[],,[],
2025-2026,Monterey Peninsula College,"California State University, Monterey Bay",AGPS Agricultural Plant & Soil Science,,,AGPS Agricultural Plant & Soil Science,Course,AGPS 216 - Plant Propagation & Production,HORT 63 - Plant Propagation,['HORT 63 - Plant Propagation'],"[{'option': 1, 'groups': [{'group_conjunction': 'AND', 'courses': ['HORT 63 - Plant Propagation']}], 'courses': ['HORT 63 - Plant Propagation'], 'must_take_together': False}]",,[],
2025-2026,Monterey Peninsula College,"California State University, Monterey Bay",AGPS Agricultural Plant & Soil Science,,,AGPS Agricultural Plant & Soil Science,Course,AGPS 294 - Sophomore Internship in AG,,[],[],,[],
2025-2026,Monterey Peninsula College,"California State University, Monterey Bay",AGPS Agricultural Plant & Soil Science,,,AGPS Agricultural Plant & Soil Science,Course,AGPS 297 - Independent Research in Agriculture,,[],[],,[],
2025-2026,Monterey Peninsula College,"California State University, Monterey Bay",ASL American Sign Language,,,ASL American Sign Language,Course,ASL 101 - Beginning American Sign Language I,SIGN 1A - Elementary American Sign Language I,['SIGN 1A - Elementary American Sign Language I'],"[{'option': 1, 'groups': [{'group_conjunction': 'AND', 'courses': ['SIGN 1A - Elementary American Sign Language I']}], 'courses': ['SIGN 1A - Elementary American Sign Language I'], 'must_take_together': False}]",,[],
2025-2026,Monterey Peninsula College,"California State University, Monterey Bay",ASL American Sign Language,,,ASL American Sign Language,Course,ASL 102 - Beginning American Sign Language II,SIGN 1B - Elementary American Sign Language II,['SIGN 1B - Elementary American Sign Language II'],"[{'option': 1, 'groups': [{'group_conjunction': 'AND', 'courses': ['SIGN 1B - Elementary American Sign Language II']}], 'courses': ['SIGN 1B - Elementary American Sign Language II'], 'must_take_together': False}]",,[],
2025-2026,Monterey Peninsula College,"California State University, Monterey Bay",ASL American Sign Language,,,ASL American Sign Language,Course,ASL 201 - Intermediate American Sign Language I,SIGN 2A - Intermediate American Sign Language,['SIGN 2A - Intermediate American Sign Language'],"[{'option': 1, 'groups': [{'group_conjunction': 'AND', 'courses': ['SIGN 2A - Intermediate American Sign Language']}], 'courses': ['SIGN 2A - Intermediate American Sign Language'], 'must_take_together': False}]",,[],
2025-2026,Monterey Peninsula College,"California State University, Monterey Bay",BIO Biology,,,BIO Biology,Course,BIO 106 - Intro to Plant Science,,[],[],,[],
2025-2026,Monterey Peninsula College,"California State University, Monterey Bay",BIO Biology,,,BIO Biology,Course,BIO 115 - Survey of Physiology,,[],[],,[],
2025-2026,Monterey Peninsula College,"California State University, Monterey Bay",BIO Biology,,,BIO Biology,Course,BIO 131 - Bioethics,,[],[],,[],
2025-2026,Monterey Peninsula College,"California State University, Monterey Bay",BIO Biology,,,BIO Biology,Course,BIO 148 - Intro to Animal Training,,[],[],,[],
2025-2026,Monterey Peninsula College,"California State University, Monterey Bay",BIO Biology,,,BIO Biology,Course,BIO 196 - Biology Introductory Research Practicum,,[],[],,[],
2025-2026,Monterey Peninsula College,"California State University, Monterey Bay",BIO Biology,,,BIO Biology,Course,BIO 204 - Introduction to Life Sciences,BIOL 10 - Principles of Biology,['BIOL 10 - Principles of Biology'],"[{'option': 1, 'groups': [{'group_conjunction': 'AND', 'courses': ['BIOL 10 - Principles of Biology']}], 'courses': ['BIOL 10 - Principles of Biology'], 'must_take_together': False}]",,[],
2025-2026,Monterey Peninsula College,"California State University, Monterey Bay",BIO Biology,,,BIO Biology,Course,BIO 210 - Molecular/Cell Bio & Animal Physiol,,[],[],,[],
2025-2026,Monterey Peninsula College,"California State University, Monterey Bay",BIO Biology,,,BIO Biology,Course,BIO 210L - Molec/Cell Bio Animal Phys Lab,,[],[],,[],
2025-2026,Monterey Peninsula College,"California State University, Monterey Bay",BIO Biology,,,BIO Biology,Course,"BIO 211 - Ecology, Evol, Biodivers & Plants",,[],[],,[],
2025-2026,Monterey Peninsula College,"California State University, Monterey Bay",BIO Biology,,,BIO Biology,Course,"BIO 211L - Ecol, Evol, Biodiv, Plants Lab",,[],[],,[],
2025-2026,Monterey Peninsula College,"California State University, Monterey Bay",BIO Biology,,,BIO Biology,Course,BIO 292 - Professional Development for Scientists,,[],[],,[],
2025-2026,Monterey Peninsula College,"California State University, Monterey Bay",BIO Biology,,,BIO Biology,Series,"BIO 210, BIO 210L","BIOL 21 - Concepts in Biology I: Cells, Genetics, and Organisms","['BIOL 21 - Concepts in Biology I: Cells, Genetics, and Organisms']","[{'option': 1, 'groups': [{'group_conjunction': 'AND', 'courses': ['BIOL 21 - Concepts in Biology I: Cells, Genetics, and Organisms']}], 'courses': ['BIOL 21 - Concepts in Biology I: Cells, Genetics, and Organisms'], 'must_take_together': False}]",,[],
2025-2026,Monterey Peninsula College,"California State University, Monterey Bay",BIO Biology,,,BIO Biology,Series,"BIO 211, BIO 211L","BIOL 22 - Concepts in Biology II: Diversity, Ecology, and Evolution","['BIOL 22 - Concepts in Biology II: Diversity, Ecology, and Evolution']","[{'option': 1, 'groups': [{'group_conjunction': 'AND', 'courses': ['BIOL 22 - Concepts in Biology II: Diversity, Ecology, and Evolution']}], 'courses': ['BIOL 22 - Concepts in Biology II: Diversity, Ecology, and Evolution'], 'must_take_together': False}]",,[],
2025-2026,Monterey Peninsula College,"California State University, Monterey Bay",BUS Business Administration,,,BUS Business Administration,Course,BUS 200 - Personal & Professional Responsibility,BUSI 1 - Introduction to Business,['BUSI 1 - Introduction to Business'],"[{'option': 1, 'groups': [{'group_conjunction': 'AND', 'courses': ['BUSI 1 - Introduction to Business']}], 'courses': ['BUSI 1 - Introduction to Business'], 'must_take_together': False}]",,[],
2025-2026,Monterey Peninsula College,"California State University, Monterey Bay",BUS Business Administration,,,BUS Business Administration,Course,BUS 201 - Macro Economics,ECON 2 - Principles of Economics: Macro,['ECON 2 - Principles of Economics: Macro'],"[{'option': 1, 'groups': [{'group_conjunction': 'AND', 'courses': ['ECON 2 - Principles of Economics: Macro']}], 'courses': ['ECON 2 - Principles of Economics: Macro'], 'must_take_together': False}]",,[],
2025-2026,Monterey Peninsula College,"California State University, Monterey Bay",BUS Business Administration,,,BUS Business Administration,Course,BUS 202 - Micro Economics,ECON 4 - Principles of Economics: Micro,['ECON 4 - Principles of Economics: Micro'],"[{'option': 1, 'groups': [{'group_conjunction': 'AND', 'courses': ['ECON 4 - Principles of Economics: Micro']}], 'courses': ['ECON 4 - Principles of Economics: Micro'], 'must_take_together': False}]",,[],
2025-2026,Monterey Peninsula College,"California State University, Monterey Bay",BUS Business Administration,,,BUS Business Administration,Course,BUS 203 - Financial Accounting,BUSI 3A - Financial Accounting,['BUSI 3A - Financial Accounting'],"[{'option': 1, 'groups': [{'group_conjunction': 'AND', 'courses': ['BUSI 3A - Financial Accounting']}], 'courses': ['BUSI 3A - Financial Accounting'], 'must_take_together': False}]",,[],
2025-2026,Monterey Peninsula College,"California State University, Monterey Bay",BUS Business Administration,,,BUS Business Administration,Course,BUS 204 - Business Mathematics and Statistics,((STAT C1000 - Introduction to Statistics) OR (PSYC 19 - Introduction to Statistics for the Social Sciences)) OR (SOCI 19 - Introduction to Statistics for the Social Sciences),"['STAT C1000 - Introduction to Statistics', 'PSYC 19 - Introduction to Statistics for the Social Sciences', 'SOCI 19 - Introduction to Statistics for the Social Sciences']","[{'option': 1, 'groups': [{'group_conjunction': 'AND', 'courses': ['STAT C1000 - Introduction to Statistics']}], 'courses': ['STAT C1000 - Introduction to Statistics'], 'must_take_together': False}, {'option': 2, 'groups': [{'group_conjunction': 'AND', 'courses': ['PSYC 19 - Introduction to Statistics for the Social Sciences']}], 'courses': ['PSYC 19 - Introduction to Statistics for the Social Sciences'], 'must_take_together': False}, {'option': 3, 'groups': [{'group_conjunction': 'AND', 'courses': ['SOCI 19 - Introduction to Statistics for the Social Sciences']}], 'courses': ['SOCI 19 - Introduction to Statistics for the Social Sciences'], 'must_take_together': False}]",,[],
2025-2026,Monterey Peninsula College,"California State University, Monterey Bay",BUS Business Administration,,,BUS Business Administration,Course,BUS 205 - Managerial Accounting,BUSI 3B - Managerial Accounting,['BUSI 3B - Managerial Accounting'],"[{'option': 1, 'groups': [{'group_conjunction': 'AND', 'courses': ['BUSI 3B - Managerial Accounting']}], 'courses': ['BUSI 3B - Managerial Accounting'], 'must_take_together': False}]",,[],
2025-2026,Monterey Peninsula College,"California State University, Monterey Bay",BUS Business Administration,,,BUS Business Administration,Course,BUS 206 - Business Law,BUSI 4 - Business Law,['BUSI 4 - Business Law'],"[{'option': 1, 'groups': [{'group_conjunction': 'AND', 'courses': ['BUSI 4 - Business Law']}], 'courses': ['BUSI 4 - Business Law'], 'must_take_together': False}]",,[],
2025-2026,Monterey Peninsula College,"California State University, Monterey Bay",BUS Business Administration,,,BUS Business Administration,Course,BUS 299 - Business Analytics Fundamentals,,[],[],,[],
2025-2026,Monterey Peninsula College,"California State University, Monterey Bay",CAD Communication Across the Disciplines,,,CAD Communication Across the Disciplines,Course,CAD 101A - Reading and Writing 1,,[],[],,[],
2025-2026,Monterey Peninsula College,"California State University, Monterey Bay",CAD Communication Across the Disciplines,,,CAD Communication Across the Disciplines,Course,CAD 101B - Reading and Writing 2,,[],[],,[],
2025-2026,Monterey Peninsula College,"California State University, Monterey Bay",CART Cinematic Arts and Technology,,,CART Cinematic Arts and Technology,Course,CART 200 - Cinematic Arts Fundamentals,ARTV 1 - Introduction to Film/Video,['ARTV 1 - Introduction to Film/Video'],"[{'option': 1, 'groups': [{'group_conjunction': 'AND', 'courses': ['ARTV 1 - Introduction to Film/Video']}], 'courses': ['ARTV 1 - Introduction to Film/Video'], 'must_take_together': False}]",,[],
2025-2026,Monterey Peninsula College,"California State University, Monterey Bay",CART Cinematic Arts and Technology,,,CART Cinematic Arts and Technology,Course,CART 202 - Fundamentals of Production Lighting,,[],[],,[],
2025-2026,Monterey Peninsula College,"California State University, Monterey Bay",CART Cinematic Arts and Technology,,,CART Cinematic Arts and Technology,Course,CART 205 - Production Management,,[],[],,[],
2025-2026,Monterey Peninsula College,"California State University, Monterey Bay",CART Cinematic Arts and Technology,,,CART Cinematic Arts and Technology,Course,CART 206 - Marketing Strategies,,[],[],,[],
2025-2026,Monterey Peninsula College,"California State University, Monterey Bay",CART Cinematic Arts and Technology,,,CART Cinematic Arts and Technology,Course,CART 208 - Business for Filmmakers,,[],[],,[],
2025-2026,Monterey Peninsula College,"California State University, Monterey Bay",CART Cinematic Arts and Technology,,,CART Cinematic Arts and Technology,Course,CART 210 - Sound Production for Media Art,,[],[],,[],
2025-2026,Monterey Peninsula College,"California State University, Monterey Bay",CART Cinematic Arts and Technology,,,CART Cinematic Arts and Technology,Course,CART 211 - Picturing the Environment,,[],[],,[],
2025-2026,Monterey Peninsula College,"California State University, Monterey Bay",CART Cinematic Arts and Technology,,,CART Cinematic Arts and Technology,Course,"CART 212 - War, Culture, and Cinema",,[],[],,[],
2025-2026,Monterey Peninsula College,"California State University, Monterey Bay",CART Cinematic Arts and Technology,,,CART Cinematic Arts and Technology,Course,CART 216 - Art of the Film Pitch,,[],[],,[],
2025-2026,Monterey Peninsula College,"California State University, Monterey Bay",CART Cinematic Arts and Technology,,,CART Cinematic Arts and Technology,Course,CART 217 - Podcasting Workshop,,[],[],,[],
2025-2026,Monterey Peninsula College,"California State University, Monterey Bay",CART Cinematic Arts and Technology,,,CART Cinematic Arts and Technology,Course,CART 219 - Storyboading Workshop,,[],[],,[],
2025-2026,Monterey Peninsula College,"California State University, Monterey Bay",CART Cinematic Arts and Technology,,,CART Cinematic Arts and Technology,Course,CART 220 - Horror in Film,,[],[],,[],
2025-2026,Monterey Peninsula College,"California State University, Monterey Bay",CART Cinematic Arts and Technology,,,CART Cinematic Arts and Technology,Course,CART 225 - Distribrution Workshop,,[],[],,[],
2025-2026,Monterey Peninsula College,"California State University, Monterey Bay",CART Cinematic Arts and Technology,,,CART Cinematic Arts and Technology,Course,CART 228 - Cinematic History 1849-1960,THEA 9 - History of Film: 1880s through 1950s,['THEA 9 - History of Film: 1880s through 1950s'],"[{'option': 1, 'groups': [{'group_conjunction': 'AND', 'courses': ['THEA 9 - History of Film: 1880s through 1950s']}], 'courses': ['THEA 9 - History of Film: 1880s through 1950s'], 'must_take_together': False}]",,[],
2025-2026,Monterey Peninsula College,"California State University, Monterey Bay",CART Cinematic Arts and Technology,,,CART Cinematic Arts and Technology,Course,CART 230 - The Art of Storytelling,THEA 8A - Beginning Screenwriting,['THEA 8A - Beginning Screenwriting'],"[{'option': 1, 'groups': [{'group_conjunction': 'AND', 'courses': ['THEA 8A - Beginning Screenwriting']}], 'courses': ['THEA 8A - Beginning Screenwriting'], 'must_take_together': False}]",,[],
2025-2026,Monterey Peninsula College,"California State University, Monterey Bay",CART Cinematic Arts and Technology,,,CART Cinematic Arts and Technology,Course,CART 231 - Movie Mania,,[],[],,[],
2025-2026,Monterey Peninsula College,"California State University, Monterey Bay",CART Cinematic Arts and Technology,,,CART Cinematic Arts and Technology,Course,"CART 233 - Petals, Leaves, and Roots: Storytelling through Botany",,[],[],,[],
2025-2026,Monterey Peninsula College,"California State University, Monterey Bay",CART Cinematic Arts and Technology,,,CART Cinematic Arts and Technology,Course,CART 235 - Queer Film Theory,,[],[],,[],
2025-2026,Monterey Peninsula College,"California State University, Monterey Bay",CART Cinematic Arts and Technology,,,CART Cinematic Arts and Technology,Course,CART 240 - Introduction to Screenwriting,,[],[],,[],
2025-2026,Monterey Peninsula College,"California State University, Monterey Bay",CART Cinematic Arts and Technology,,,CART Cinematic Arts and Technology,Course,CART 251 - Voice and Speech,,[],[],,[],
2025-2026,Monterey Peninsula College,"California State University, Monterey Bay",CART Cinematic Arts and Technology,,,CART Cinematic Arts and Technology,Course,CART 255 - The Actor's Process,,[],[],,[],
2025-2026,Monterey Peninsula College,"California State University, Monterey Bay",CART Cinematic Arts and Technology,,,CART Cinematic Arts and Technology,Course,CART 260 - Experiments in Sound,,[],[],,[],
2025-2026,Monterey Peninsula College,"California State University, Monterey Bay",CART Cinematic Arts and Technology,,,CART Cinematic Arts and Technology,Course,CART 265 - Script Supervisor Workshop,,[],[],,[],
2025-2026,Monterey Peninsula College,"California State University, Monterey Bay",CART Cinematic Arts and Technology,,,CART Cinematic Arts and Technology,Course,CART 275 - Women Filmmakers,,[],[],,[],
2025-2026,Monterey Peninsula College,"California State University, Monterey Bay",CHEM Chemistry,,,CHEM Chemistry,Course,CHEM 109 - Introductory Chemistry,(CHEM 2 - Fundamental Chemistry) OR (CHEM 10 - Everyday Chemistry),"['CHEM 2 - Fundamental Chemistry', 'CHEM 10 - Everyday Chemistry']","[{'option': 1, 'groups': [{'group_conjunction': 'AND', 'courses': ['CHEM 2 - Fundamental Chemistry']}], 'courses': ['CHEM 2 - Fundamental Chemistry'], 'must_take_together': False}, {'option': 2, 'groups': [{'group_conjunction': 'AND', 'courses': ['CHEM 10 - Everyday Chemistry']}], 'courses': ['CHEM 10 - Everyday Chemistry'], 'must_take_together': False}]",,[],
2025-2026,Monterey Peninsula College,"California State University, Monterey Bay",CHEM Chemistry,,,CHEM Chemistry,Course,CHEM 109L - Intro to Chemistry Lab,,[],[],,[],
2025-2026,Monterey Peninsula College,"California State University, Monterey Bay",CHEM Chemistry,,,CHEM Chemistry,Course,CHEM 110 - Chemistry I,,[],[],,[],
2025-2026,Monterey Peninsula College,"California State University, Monterey Bay",CHEM Chemistry,,,CHEM Chemistry,Course,CHEM 110L - Chemistry I Laboratory,,[],[],,[],
2025-2026,Monterey Peninsula College,"California State University, Monterey Bay",CHEM Chemistry,,,CHEM Chemistry,Course,CHEM 111 - Chemistry II,,[],[],,[],
2025-2026,Monterey Peninsula College,"California State University, Monterey Bay",CHEM Chemistry,,,CHEM Chemistry,Course,CHEM 111L - Chemistry II Laboratory,,[],[],,[],
2025-2026,Monterey Peninsula College,"California State University, Monterey Bay",CHEM Chemistry,,,CHEM Chemistry,Course,CHEM 211 - Organic Chemistry I,,[],[],,[],
2025-2026,Monterey Peninsula College,"California State University, Monterey Bay",CHEM Chemistry,,,CHEM Chemistry,Course,CHEM 211L - Organic Chemistry I Lab,,[],[],,[],
2025-2026,Monterey Peninsula College,"California State University, Monterey Bay",CHEM Chemistry,,,CHEM Chemistry,Course,CHEM 212 - Organic Chemistry II,,[],[],,[],
2025-2026,Monterey Peninsula College,"California State University, Monterey Bay",CHEM Chemistry,,,CHEM Chemistry,Course,CHEM 212L - Organic Chemisty II Lab,,[],[],,[],
2025-2026,Monterey Peninsula College,"California State University, Monterey Bay",CHEM Chemistry,,,CHEM Chemistry,Course,CHEM 280 - Molecular Modeling,,[],[],,[],
2025-2026,Monterey Peninsula College,"California State University, Monterey Bay",CHEM Chemistry,,,CHEM Chemistry,Series,"CHEM 111, CHEM 111L",CHEM 1B - General Chemistry II,['CHEM 1B - General Chemistry II'],"[{'option': 1, 'groups': [{'group_conjunction': 'AND', 'courses': ['CHEM 1B - General Chemistry II']}], 'courses': ['CHEM 1B - General Chemistry II'], 'must_take_together': False}]",,[],
2025-2026,Monterey Peninsula College,"California State University, Monterey Bay",CHEM Chemistry,,,CHEM Chemistry,Series,"CHEM 211, CHEM 211L",CHEM 12A - Organic Chemistry I,['CHEM 12A - Organic Chemistry I'],"[{'option': 1, 'groups': [{'group_conjunction': 'AND', 'courses': ['CHEM 12A - Organic Chemistry I']}], 'courses': ['CHEM 12A - Organic Chemistry I'], 'must_take_together': False}]",,[],
2025-2026,Monterey Peninsula College,"California State University, Monterey Bay",CHEM Chemistry,,,CHEM Chemistry,Series,"CHEM 110, CHEM 110L",CHEM 1A - General Chemistry I,['CHEM 1A - General Chemistry I'],"[{'option': 1, 'groups': [{'group_conjunction': 'AND', 'courses': ['CHEM 1A - General Chemistry I']}], 'courses': ['CHEM 1A - General Chemistry I'], 'must_take_together': False}]",,[],
2025-2026,Monterey Peninsula College,"California State University, Monterey Bay",CHEM Chemistry,,,CHEM Chemistry,Series,"CHEM 212, CHEM 212L",CHEM 12B - Organic Chemistry II,['CHEM 12B - Organic Chemistry II'],"[{'option': 1, 'groups': [{'group_conjunction': 'AND', 'courses': ['CHEM 12B - Organic Chemistry II']}], 'courses': ['CHEM 12B - Organic Chemistry II'], 'must_take_together': False}]",,[],
2025-2026,Monterey Peninsula College,"California State University, Monterey Bay",CHHS Collaborative Health and Human Services,,,CHHS Collaborative Health and Human Services,Course,CHHS 111 - Introduction Issues Health/Human Services,,[],[],,[],
2025-2026,Monterey Peninsula College,"California State University, Monterey Bay",CHHS Collaborative Health and Human Services,,,CHHS Collaborative Health and Human Services,Course,CHHS 125 - Writing as Healing,,[],[],,[],
2025-2026,Monterey Peninsula College,"California State University, Monterey Bay",CHHS Collaborative Health and Human Services,,,CHHS Collaborative Health and Human Services,Course,CHHS 203 - Statistics for Social Science,((STAT C1000 - Introduction to Statistics) OR (PSYC 19 - Introduction to Statistics for the Social Sciences)) OR (SOCI 19 - Introduction to Statistics for the Social Sciences),"['STAT C1000 - Introduction to Statistics', 'PSYC 19 - Introduction to Statistics for the Social Sciences', 'SOCI 19 - Introduction to Statistics for the Social Sciences']","[{'option': 1, 'groups': [{'group_conjunction': 'AND', 'courses': ['STAT C1000 - Introduction to Statistics']}], 'courses': ['STAT C1000 - Introduction to Statistics'], 'must_take_together': False}, {'option': 2, 'groups': [{'group_conjunction': 'AND', 'courses': ['PSYC 19 - Introduction to Statistics for the Social Sciences']}], 'courses': ['PSYC 19 - Introduction to Statistics for the Social Sciences'], 'must_take_together': False}, {'option': 3, 'groups': [{'group_conjunction': 'AND', 'courses': ['SOCI 19 - Introduction to Statistics for the Social Sciences']}], 'courses': ['SOCI 19 - Introduction to Statistics for the Social Sciences'], 'must_take_together': False}]",,[],
2025-2026,Monterey Peninsula College,"California State University, Monterey Bay",CHHS Collaborative Health and Human Services,,,CHHS Collaborative Health and Human Services,Course,CHHS 204 - Economics and Society,(ECON 4 - Principles of Economics: Micro) OR (ECON 1 - The American Economic System),"['ECON 4 - Principles of Economics: Micro', 'ECON 1 - The American Economic System']","[{'option': 1, 'groups': [{'group_conjunction': 'AND', 'courses': ['ECON 4 - Principles of Economics: Micro']}], 'courses': ['ECON 4 - Principles of Economics: Micro'], 'must_take_together': False}, {'option': 2, 'groups': [{'group_conjunction': 'AND', 'courses': ['ECON 1 - The American Economic System']}], 'courses': ['ECON 1 - The American Economic System'], 'must_take_together': False}]",,[],
2025-2026,Monterey Peninsula College,"California State University, Monterey Bay",CHHS Collaborative Health and Human Services,,,CHHS Collaborative Health and Human Services,Course,CHHS 210 - Literature of Social Protest,,[],[],,[],
2025-2026,Monterey Peninsula College,"California State University, Monterey Bay",CHHS Collaborative Health and Human Services,,,CHHS Collaborative Health and Human Services,Course,CHHS 212 - Ethics in Health Care,,[],[],,[],
2025-2026,Monterey Peninsula College,"California State University, Monterey Bay",CHHS Collaborative Health and Human Services,,,CHHS Collaborative Health and Human Services,Course,CHHS 215 - Introduction to Human Services,HUMS 50 - Intro to Human Services and Social Work,['HUMS 50 - Intro to Human Services and Social Work'],"[{'option': 1, 'groups': [{'group_conjunction': 'AND', 'courses': ['HUMS 50 - Intro to Human Services and Social Work']}], 'courses': ['HUMS 50 - Intro to Human Services and Social Work'], 'must_take_together': False}]",,[],
2025-2026,Monterey Peninsula College,"California State University, Monterey Bay",CHHS Collaborative Health and Human Services,,,CHHS Collaborative Health and Human Services,Course,"CHHS 225 - Drugs, Society and Policy",,[],[],,[],
2025-2026,Monterey Peninsula College,"California State University, Monterey Bay",CHHS Collaborative Health and Human Services,,,CHHS Collaborative Health and Human Services,Course,CHHS 230 - Social Justice and Global Health,HLTH 12 - Health and Social Justice,['HLTH 12 - Health and Social Justice'],"[{'option': 1, 'groups': [{'group_conjunction': 'AND', 'courses': ['HLTH 12 - Health and Social Justice']}], 'courses': ['HLTH 12 - Health and Social Justice'], 'must_take_together': False}]",,[],
2025-2026,Monterey Peninsula College,"California State University, Monterey Bay",CHHS Collaborative Health and Human Services,,,CHHS Collaborative Health and Human Services,Course,CHHS 260S - Social Justice & Health,,[],[],,[],
2025-2026,Monterey Peninsula College,"California State University, Monterey Bay",CHIN Chinese,,,CHIN Chinese,Course,CHIN 102 - Beginning Chinese II (Mandarin),,[],[],,[],
2025-2026,Monterey Peninsula College,"California State University, Monterey Bay",CST Computer Science and Communication Design,,,CST Computer Science and Communication Design,Course,CST 201 - Media Tools I,(ARTG 10 - Introduction to Computers for Graphic Arts AND ARTG 11 - Introduction to Photoshop) OR (ARTB 2 - Visual Fundamentals: Two-Dimensional Design),"['ARTG 10 - Introduction to Computers for Graphic Arts AND ARTG 11 - Introduction to Photoshop', 'ARTB 2 - Visual Fundamentals: Two-Dimensional Design']","[{'option': 1, 'groups': [{'group_conjunction': 'AND', 'courses': ['ARTG 10 - Introduction to Computers for Graphic Arts', 'ARTG 11 - Introduction to Photoshop']}], 'courses': ['ARTG 10 - Introduction to Computers for Graphic Arts', 'ARTG 11 - Introduction to Photoshop'], 'must_take_together': True}, {'option': 2, 'groups': [{'group_conjunction': 'AND', 'courses': ['ARTB 2 - Visual Fundamentals: Two-Dimensional Design']}], 'courses': ['ARTB 2 - Visual Fundamentals: Two-Dimensional Design'], 'must_take_together': False}]",,[],
2025-2026,Monterey Peninsula College,"California State University, Monterey Bay",CST Computer Science and Communication Design,,,CST Computer Science and Communication Design,Course,CST 203 - Digital Color,,[],[],,[],
2025-2026,Monterey Peninsula College,"California State University, Monterey Bay",CST Computer Science and Communication Design,,,CST Computer Science and Communication Design,Course,CST 203L - Digital Color Laboratory,,[],[],,[],
2025-2026,Monterey Peninsula College,"California State University, Monterey Bay",CST Computer Science and Communication Design,,,CST Computer Science and Communication Design,Course,CST 204 - Intro to Typography,,[],[],,[],
2025-2026,Monterey Peninsula College,"California State University, Monterey Bay",CST Computer Science and Communication Design,,,CST Computer Science and Communication Design,Course,CST 205 - Multimedia Design and Programming,,[],[],,[],
2025-2026,Monterey Peninsula College,"California State University, Monterey Bay",CST Computer Science and Communication Design,,,CST Computer Science and Communication Design,Course,CST 226 - Digital Photography,ARTP 12A - Digital Photography I,['ARTP 12A - Digital Photography I'],"[{'option': 1, 'groups': [{'group_conjunction': 'AND', 'courses': ['ARTP 12A - Digital Photography I']}], 'courses': ['ARTP 12A - Digital Photography I'], 'must_take_together': False}]",,[],
2025-2026,Monterey Peninsula College,"California State University, Monterey Bay",CST Computer Science and Communication Design,,,CST Computer Science and Communication Design,Course,CST 227 - Design Fundamentals,(ARTG 15 - Graphic Design: Images and Type) OR (ARTS 9A - Creative Digital Media I),"['ARTG 15 - Graphic Design: Images and Type', 'ARTS 9A - Creative Digital Media I']","[{'option': 1, 'groups': [{'group_conjunction': 'AND', 'courses': ['ARTG 15 - Graphic Design: Images and Type']}], 'courses': ['ARTG 15 - Graphic Design: Images and Type'], 'must_take_together': False}, {'option': 2, 'groups': [{'group_conjunction': 'AND', 'courses': ['ARTS 9A - Creative Digital Media I']}], 'courses': ['ARTS 9A - Creative Digital Media I'], 'must_take_together': False}]",,[],
2025-2026,Monterey Peninsula College,"California State University, Monterey Bay",CST Computer Science and Communication Design,,,CST Computer Science and Communication Design,Course,CST 230 - Media Tools II,,[],[],,[],
2025-2026,Monterey Peninsula College,"California State University, Monterey Bay",CST Computer Science and Communication Design,,,CST Computer Science and Communication Design,Course,CST 231 - Problem Solving and Programming,((CSCI 10A - Programming Methods I: JAVA) OR (CSCI 10C - Programming Methods 1.5 - C and C++)) OR (CSCI 9 - Programming Fundamentals: Python),"['CSCI 10A - Programming Methods I: JAVA', 'CSCI 10C - Programming Methods 1.5 - C and C++', 'CSCI 9 - Programming Fundamentals: Python']","[{'option': 1, 'groups': [{'group_conjunction': 'AND', 'courses': ['CSCI 10A - Programming Methods I: JAVA']}], 'courses': ['CSCI 10A - Programming Methods I: JAVA'], 'must_take_together': False}, {'option': 2, 'groups': [{'group_conjunction': 'AND', 'courses': ['CSCI 10C - Programming Methods 1.5 - C and C++']}], 'courses': ['CSCI 10C - Programming Methods 1.5 - C and C++'], 'must_take_together': False}, {'option': 3, 'groups': [{'group_conjunction': 'AND', 'courses': ['CSCI 9 - Programming Fundamentals: Python']}], 'courses': ['CSCI 9 - Programming Fundamentals: Python'], 'must_take_together': False}]",,[],
2025-2026,Monterey Peninsula College,"California State University, Monterey Bay",CST Computer Science and Communication Design,,,CST Computer Science and Communication Design,Course,CST 234 - Introduction to Operating Systems,CSIS 80 - Introduction to UNIX and Linux,['CSIS 80 - Introduction to UNIX and Linux'],"[{'option': 1, 'groups': [{'group_conjunction': 'AND', 'courses': ['CSIS 80 - Introduction to UNIX and Linux']}], 'courses': ['CSIS 80 - Introduction to UNIX and Linux'], 'must_take_together': False}]",,[],
2025-2026,Monterey Peninsula College,"California State University, Monterey Bay",CST Computer Science and Communication Design,,,CST Computer Science and Communication Design,Course,CST 236 - Computing for Designers,CSCI 11 - Computer Architectures and Organization,['CSCI 11 - Computer Architectures and Organization'],"[{'option': 1, 'groups': [{'group_conjunction': 'AND', 'courses': ['CSCI 11 - Computer Architectures and Organization']}], 'courses': ['CSCI 11 - Computer Architectures and Organization'], 'must_take_together': False}]",,[],
2025-2026,Monterey Peninsula College,"California State University, Monterey Bay",CST Computer Science and Communication Design,,,CST Computer Science and Communication Design,Course,CST 237 - Introduction to Computer Architecture,CSCI 11 - Computer Architectures and Organization,['CSCI 11 - Computer Architectures and Organization'],"[{'option': 1, 'groups': [{'group_conjunction': 'AND', 'courses': ['CSCI 11 - Computer Architectures and Organization']}], 'courses': ['CSCI 11 - Computer Architectures and Organization'], 'must_take_together': False}]",,[],
2025-2026,Monterey Peninsula College,"California State University, Monterey Bay",CST Computer Science and Communication Design,,,CST Computer Science and Communication Design,Course,CST 238 - Introduction to Data Structure,CSCI 10B - Programming Methods II: JAVA,['CSCI 10B - Programming Methods II: JAVA'],"[{'option': 1, 'groups': [{'group_conjunction': 'AND', 'courses': ['CSCI 10B - Programming Methods II: JAVA']}], 'courses': ['CSCI 10B - Programming Methods II: JAVA'], 'must_take_together': False}]",,[],
2025-2026,Monterey Peninsula College,"California State University, Monterey Bay",CST Computer Science and Communication Design,,,CST Computer Science and Communication Design,Course,CST 251 - Web Tools,No articulation (No Course Articulated),[],[],No Course Articulated,[],
2025-2026,Monterey Peninsula College,"California State University, Monterey Bay",CST Computer Science and Communication Design,,,CST Computer Science and Communication Design,Course,CST 252 - Scripting for Multimedia,,[],[],,[],
2025-2026,Monterey Peninsula College,"California State University, Monterey Bay",CST Computer Science and Communication Design,,,CST Computer Science and Communication Design,Course,CST 263 - Introduction to Database Systems,,[],[],,[],
2025-2026,Monterey Peninsula College,"California State University, Monterey Bay",CST Computer Science and Communication Design,,,CST Computer Science and Communication Design,Course,CST 271 - Digital Culture,,[],[],,[],
2025-2026,Monterey Peninsula College,"California State University, Monterey Bay",CST Computer Science and Communication Design,,,CST Computer Science and Communication Design,Course,CST 273 - Cyberdemocracy,,[],[],,[],
2025-2026,Monterey Peninsula College,"California State University, Monterey Bay",CST Computer Science and Communication Design,,,CST Computer Science and Communication Design,Course,CST 274 - History Comm Tech/Politics/America,,[],[],,[],
2025-2026,Monterey Peninsula College,"California State University, Monterey Bay",CST Computer Science and Communication Design,,,CST Computer Science and Communication Design,Course,CST 286 - Physics of Computing,,[],[],,[],
2025-2026,Monterey Peninsula College,"California State University, Monterey Bay",CST Computer Science and Communication Design,,,CST Computer Science and Communication Design,Series,"CST 202, CST 202L",ARTS 10A - Drawing and Composition I,['ARTS 10A - Drawing and Composition I'],"[{'option': 1, 'groups': [{'group_conjunction': 'AND', 'courses': ['ARTS 10A - Drawing and Composition I']}], 'courses': ['ARTS 10A - Drawing and Composition I'], 'must_take_together': False}]",,[],
2025-2026,Monterey Peninsula College,"California State University, Monterey Bay",ED Education,,,ED Education,Course,"ED 212S - Federal, State, and Local Governments and their Impact on Public Schooling",,[],[],,[],
2025-2026,Monterey Peninsula College,"California State University, Monterey Bay",ENGR Mechatronics Engineering,,,ENGR Mechatronics Engineering,Course,ENGR 110 - Introduction to Engineering and Design,ENGR 1A - Introduction to Engineering,['ENGR 1A - Introduction to Engineering'],"[{'option': 1, 'groups': [{'group_conjunction': 'AND', 'courses': ['ENGR 1A - Introduction to Engineering']}], 'courses': ['ENGR 1A - Introduction to Engineering'], 'must_take_together': False}]",,[],
2025-2026,Monterey Peninsula College,"California State University, Monterey Bay",ENGR Mechatronics Engineering,,,ENGR Mechatronics Engineering,Course,ENGR 115 - Introduction to Machining and Fabrication,,[],[],,[],
2025-2026,Monterey Peninsula College,"California State University, Monterey Bay",ENGR Mechatronics Engineering,,,ENGR Mechatronics Engineering,Course,ENGR 130 - Statics,ENGR 8 - Engineering Statics,['ENGR 8 - Engineering Statics'],"[{'option': 1, 'groups': [{'group_conjunction': 'AND', 'courses': ['ENGR 8 - Engineering Statics']}], 'courses': ['ENGR 8 - Engineering Statics'], 'must_take_together': False}]",,[],
2025-2026,Monterey Peninsula College,"California State University, Monterey Bay",ENGR Mechatronics Engineering,,,ENGR Mechatronics Engineering,Course,ENGR 140 - Materials Science and Engineering,No articulation (No Course Articulated),[],[],No Course Articulated,[],
2025-2026,Monterey Peninsula College,"California State University, Monterey Bay",ENGR Mechatronics Engineering,,,ENGR Mechatronics Engineering,Course,ENGR 140L - Materials Science Engr Lab,,[],[],,[],
2025-2026,Monterey Peninsula College,"California State University, Monterey Bay",ENGR Mechatronics Engineering,,,ENGR Mechatronics Engineering,Course,ENGR 150 - Engineering Graphics,ENGR 2 - Engineering Design Graphics,['ENGR 2 - Engineering Design Graphics'],"[{'option': 1, 'groups': [{'group_conjunction': 'AND', 'courses': ['ENGR 2 - Engineering Design Graphics']}], 'courses': ['ENGR 2 - Engineering Design Graphics'], 'must_take_together': False}]",,[],
2025-2026,Monterey Peninsula College,"California State University, Monterey Bay",ENGR Mechatronics Engineering,,,ENGR Mechatronics Engineering,Course,ENGR 240 - Strength of Materials,,[],[],,[],
2025-2026,Monterey Peninsula College,"California State University, Monterey Bay",ENGR Mechatronics Engineering,,,ENGR Mechatronics Engineering,Course,ENGR 260 - Circuit Analysis,,[],[],,[],
2025-2026,Monterey Peninsula College,"California State University, Monterey Bay",ENGR Mechatronics Engineering,,,ENGR Mechatronics Engineering,Course,ENGR 260L - Circuit Analysis Lab,,[],[],,[],
2025-2026,Monterey Peninsula College,"California State University, Monterey Bay",ENGR Mechatronics Engineering,,,ENGR Mechatronics Engineering,Series,"ENGR 140, ENGR 140L",ENGR 4 - Engineering Materials,['ENGR 4 - Engineering Materials'],"[{'option': 1, 'groups': [{'group_conjunction': 'AND', 'courses': ['ENGR 4 - Engineering Materials']}], 'courses': ['ENGR 4 - Engineering Materials'], 'must_take_together': False}]",,[],
2025-2026,Monterey Peninsula College,"California State University, Monterey Bay",ENGR Mechatronics Engineering,,,ENGR Mechatronics Engineering,Series,"ENGR 260, ENGR 260L",ENGR 12 - Engineering Circuits AND ENGR 12L - Engineering Circuits Laboratory,['ENGR 12 - Engineering Circuits AND ENGR 12L - Engineering Circuits Laboratory'],"[{'option': 1, 'groups': [{'group_conjunction': 'AND', 'courses': ['ENGR 12 - Engineering Circuits', 'ENGR 12L - Engineering Circuits Laboratory']}], 'courses': ['ENGR 12 - Engineering Circuits', 'ENGR 12L - Engineering Circuits Laboratory'], 'must_take_together': True}]",,[],
2025-2026,Monterey Peninsula College,"California State University, Monterey Bay",ENSTU Environmental Studies,,,ENSTU Environmental Studies,Course,ENSTU 111 - Intro Environmental Communication,,[],[],,[],
2025-2026,Monterey Peninsula College,"California State University, Monterey Bay",ENSTU Environmental Studies,,,ENSTU Environmental Studies,Course,ENSTU 120 - Writing About the Environment,,[],[],,[],
2025-2026,Monterey Peninsula College,"California State University, Monterey Bay",ENSTU Environmental Studies,,,ENSTU Environmental Studies,Course,"ENSTU 130 - Science, Media, & Society",,[],[],,[],
2025-2026,Monterey Peninsula College,"California State University, Monterey Bay",ENSTU Environmental Studies,,,ENSTU Environmental Studies,Course,ENSTU 280 - Environmental Economics & Policy,ECON 4 - Principles of Economics: Micro,['ECON 4 - Principles of Economics: Micro'],"[{'option': 1, 'groups': [{'group_conjunction': 'AND', 'courses': ['ECON 4 - Principles of Economics: Micro']}], 'courses': ['ECON 4 - Principles of Economics: Micro'], 'must_take_together': False}]",,[],
2025-2026,Monterey Peninsula College,"California State University, Monterey Bay","ENVS Environmental Science, Technology and Policy",,,"ENVS Environmental Science, Technology and Policy",Course,ENVS 185 - Field Adventures Appl Environ Sci,,[],[],,[],
2025-2026,Monterey Peninsula College,"California State University, Monterey Bay","ENVS Environmental Science, Technology and Policy",,,"ENVS Environmental Science, Technology and Policy",Course,ENVS 201 - Introduction to Environmental Science,BIOL 31 - Introduction to Environmental Science,['BIOL 31 - Introduction to Environmental Science'],"[{'option': 1, 'groups': [{'group_conjunction': 'AND', 'courses': ['BIOL 31 - Introduction to Environmental Science']}], 'courses': ['BIOL 31 - Introduction to Environmental Science'], 'must_take_together': False}]",,[],
2025-2026,Monterey Peninsula College,"California State University, Monterey Bay","ENVS Environmental Science, Technology and Policy",,,"ENVS Environmental Science, Technology and Policy",Course,ENVS 240 - Environmental Biology,,[],[],,[],
2025-2026,Monterey Peninsula College,"California State University, Monterey Bay","ENVS Environmental Science, Technology and Policy",,,"ENVS Environmental Science, Technology and Policy",Course,ENVS 282 - Monterey Bay: A Case Study in Environmental Science & Policy,,[],[],,[],
2025-2026,Monterey Peninsula College,"California State University, Monterey Bay","ENVS Environmental Science, Technology and Policy",,,"ENVS Environmental Science, Technology and Policy",Course,ENVS 282L - Monterey Bay: Case Study Lab,,[],[],,[],
2025-2026,Monterey Peninsula College,"California State University, Monterey Bay",FYS First Year Seminar,,,FYS First Year Seminar,Course,FYS 124 - Introduction to Environmental Science,No articulation (No Course Articulated),[],[],No Course Articulated,[],
2025-2026,Monterey Peninsula College,"California State University, Monterey Bay",FYS First Year Seminar,,,FYS First Year Seminar,Course,FYS 191 - Comp Ethnic Experiences,,[],[],,[],
2025-2026,Monterey Peninsula College,"California State University, Monterey Bay",GEOL Geology,,,GEOL Geology,Course,GEOL 110 - Introduction to Earth Science,,[],[],,[],
2025-2026,Monterey Peninsula College,"California State University, Monterey Bay",GEOL Geology,,,GEOL Geology,Course,GEOL 210 - Earth Science for Teachers,GEOL 12 - Earth Ocean Climate: Introduction to Earth Science AND GEOL 12L - Earth Ocean Climate: Introduction to Earth Science Lab,['GEOL 12 - Earth Ocean Climate: Introduction to Earth Science AND GEOL 12L - Earth Ocean Climate: Introduction to Earth Science Lab'],"[{'option': 1, 'groups': [{'group_conjunction': 'AND', 'courses': ['GEOL 12 - Earth Ocean Climate: Introduction to Earth Science', 'GEOL 12L - Earth Ocean Climate: Introduction to Earth Science Lab']}], 'courses': ['GEOL 12 - Earth Ocean Climate: Introduction to Earth Science', 'GEOL 12L - Earth Ocean Climate: Introduction to Earth Science Lab'], 'must_take_together': True}]",,[],
2025-2026,Monterey Peninsula College,"California State University, Monterey Bay",GEOL Geology,,,GEOL Geology,Course,GEOL 260 - Geology/Hydrology,GEOL 2 - Physical Geology AND GEOL 2L - Physical Geology Laboratory,['GEOL 2 - Physical Geology AND GEOL 2L - Physical Geology Laboratory'],"[{'option': 1, 'groups': [{'group_conjunction': 'AND', 'courses': ['GEOL 2 - Physical Geology', 'GEOL 2L - Physical Geology Laboratory']}], 'courses': ['GEOL 2 - Physical Geology', 'GEOL 2L - Physical Geology Laboratory'], 'must_take_together': True}]",,[],
2025-2026,Monterey Peninsula College,"California State University, Monterey Bay",GS Global Studies,,,GS Global Studies,Course,GS 206 - Understanding Globalization,(GLST 1 - Introduction to Global Studies) OR (GLST 2 - Global Issues),"['GLST 1 - Introduction to Global Studies', 'GLST 2 - Global Issues']","[{'option': 1, 'groups': [{'group_conjunction': 'AND', 'courses': ['GLST 1 - Introduction to Global Studies']}], 'courses': ['GLST 1 - Introduction to Global Studies'], 'must_take_together': False}, {'option': 2, 'groups': [{'group_conjunction': 'AND', 'courses': ['GLST 2 - Global Issues']}], 'courses': ['GLST 2 - Global Issues'], 'must_take_together': False}]",,[],
2025-2026,Monterey Peninsula College,"California State University, Monterey Bay",GS Global Studies,,,GS Global Studies,Course,GS 214 - Global History I: to 1500,HIST 7 - World History 1500,['HIST 7 - World History 1500'],"[{'option': 1, 'groups': [{'group_conjunction': 'AND', 'courses': ['HIST 7 - World History 1500']}], 'courses': ['HIST 7 - World History 1500'], 'must_take_together': False}]",,[],
2025-2026,Monterey Peninsula College,"California State University, Monterey Bay",GS Global Studies,,,GS Global Studies,Course,GS 215 - Global History II: since 1500,HIST 8 - World History Since 1500,['HIST 8 - World History Since 1500'],"[{'option': 1, 'groups': [{'group_conjunction': 'AND', 'courses': ['HIST 8 - World History Since 1500']}], 'courses': ['HIST 8 - World History Since 1500'], 'must_take_together': False}]",,[],
2025-2026,Monterey Peninsula College,"California State University, Monterey Bay",GS Global Studies,,,GS Global Studies,Course,GS 225 - Global Voices,,[],[],,[],
2025-2026,Monterey Peninsula College,"California State University, Monterey Bay",GS Global Studies,,,GS Global Studies,Course,GS 230 - World Religions,PHIL 8 - Introduction to World Religions,['PHIL 8 - Introduction to World Religions'],"[{'option': 1, 'groups': [{'group_conjunction': 'AND', 'courses': ['PHIL 8 - Introduction to World Religions']}], 'courses': ['PHIL 8 - Introduction to World Religions'], 'must_take_together': False}]",,[],
2025-2026,Monterey Peninsula College,"California State University, Monterey Bay",GS Global Studies,,,GS Global Studies,Course,GS 236 - Global Policing,,[],[],,[],
2025-2026,Monterey Peninsula College,"California State University, Monterey Bay",GS Global Studies,,,GS Global Studies,Course,GS 251 - Intro to Global Economics,,[],[],,[],
2025-2026,Monterey Peninsula College,"California State University, Monterey Bay",HCOM Humanities and Communication,,,HCOM Humanities and Communication,Course,HCOM 110 - Foundations Speaking & Llistening,((COMM C1000 - Introduction to Public Speaking) OR (SPCH 2 - Small Group Communication)) OR (SPCH 3 - Interpersonal Communication),"['COMM C1000 - Introduction to Public Speaking', 'SPCH 2 - Small Group Communication', 'SPCH 3 - Interpersonal Communication']","[{'option': 1, 'groups': [{'group_conjunction': 'AND', 'courses': ['COMM C1000 - Introduction to Public Speaking']}], 'courses': ['COMM C1000 - Introduction to Public Speaking'], 'must_take_together': False}, {'option': 2, 'groups': [{'group_conjunction': 'AND', 'courses': ['SPCH 2 - Small Group Communication']}], 'courses': ['SPCH 2 - Small Group Communication'], 'must_take_together': False}, {'option': 3, 'groups': [{'group_conjunction': 'AND', 'courses': ['SPCH 3 - Interpersonal Communication']}], 'courses': ['SPCH 3 - Interpersonal Communication'], 'must_take_together': False}]",,[],
2025-2026,Monterey Peninsula College,"California State University, Monterey Bay",HCOM Humanities and Communication,,,HCOM Humanities and Communication,Course,HCOM 120 - Critical Reading & Writing,No articulation (No Course Articulated),[],[],No Course Articulated,[],
2025-2026,Monterey Peninsula College,"California State University, Monterey Bay",HCOM Humanities and Communication,,,HCOM Humanities and Communication,Course,HCOM 125 - Writing & Reading for College Success,ENGL C1000 - Academic Reading and Writing,['ENGL C1000 - Academic Reading and Writing'],"[{'option': 1, 'groups': [{'group_conjunction': 'AND', 'courses': ['ENGL C1000 - Academic Reading and Writing']}], 'courses': ['ENGL C1000 - Academic Reading and Writing'], 'must_take_together': False}]",,[],
2025-2026,Monterey Peninsula College,"California State University, Monterey Bay",HCOM Humanities and Communication,,,HCOM Humanities and Communication,Course,HCOM 170 - Intro to Mass Communication,COMM 5 - Mass Media Methods,['COMM 5 - Mass Media Methods'],"[{'option': 1, 'groups': [{'group_conjunction': 'AND', 'courses': ['COMM 5 - Mass Media Methods']}], 'courses': ['COMM 5 - Mass Media Methods'], 'must_take_together': False}]",,[],
2025-2026,Monterey Peninsula College,"California State University, Monterey Bay",HCOM Humanities and Communication,,,HCOM Humanities and Communication,Course,HCOM 200 - Critical Thinking & Ethics,((ENGL C1001 - Critical Thinking and Writing) OR (PHIL 6 - Introduction to Logic)) OR (PHIL 10 - Introduction to Critical Thinking),"['ENGL C1001 - Critical Thinking and Writing', 'PHIL 6 - Introduction to Logic', 'PHIL 10 - Introduction to Critical Thinking']","[{'option': 1, 'groups': [{'group_conjunction': 'AND', 'courses': ['ENGL C1001 - Critical Thinking and Writing']}], 'courses': ['ENGL C1001 - Critical Thinking and Writing'], 'must_take_together': False}, {'option': 2, 'groups': [{'group_conjunction': 'AND', 'courses': ['PHIL 6 - Introduction to Logic']}], 'courses': ['PHIL 6 - Introduction to Logic'], 'must_take_together': False}, {'option': 3, 'groups': [{'group_conjunction': 'AND', 'courses': ['PHIL 10 - Introduction to Critical Thinking']}], 'courses': ['PHIL 10 - Introduction to Critical Thinking'], 'must_take_together': False}]",,[],
2025-2026,Monterey Peninsula College,"California State University, Monterey Bay",HCOM Humanities and Communication,,,HCOM Humanities and Communication,Course,HCOM 202 - Philosophy of Human Nature,,[],[],,[],
2025-2026,Monterey Peninsula College,"California State University, Monterey Bay",HCOM Humanities and Communication,,,HCOM Humanities and Communication,Course,HCOM 220 - Afro-Cuba Hip Hop,,[],[],,[],
2025-2026,Monterey Peninsula College,"California State University, Monterey Bay",HCOM Humanities and Communication,,,HCOM Humanities and Communication,Course,HCOM 222 - Intro to Literary Analysis,ENGL 1B - Introduction to Literature,['ENGL 1B - Introduction to Literature'],"[{'option': 1, 'groups': [{'group_conjunction': 'AND', 'courses': ['ENGL 1B - Introduction to Literature']}], 'courses': ['ENGL 1B - Introduction to Literature'], 'must_take_together': False}]",,[],
2025-2026,Monterey Peninsula College,"California State University, Monterey Bay",HCOM Humanities and Communication,,,HCOM Humanities and Communication,Course,HCOM 224 - American Indigenous Literatures & Cultures,,[],[],,[],
2025-2026,Monterey Peninsula College,"California State University, Monterey Bay",HCOM Humanities and Communication,,,HCOM Humanities and Communication,Course,"HCOM 225 - Literature, Film, and Culture",,[],[],,[],
2025-2026,Monterey Peninsula College,"California State University, Monterey Bay",HCOM Humanities and Communication,,,HCOM Humanities and Communication,Course,HCOM 229 - Multicultural Poetry,,[],[],,[],
2025-2026,Monterey Peninsula College,"California State University, Monterey Bay",HCOM Humanities and Communication,,,HCOM Humanities and Communication,Course,HCOM 230 - Environmental Creative Writing,,[],[],,[],
2025-2026,Monterey Peninsula College,"California State University, Monterey Bay",HCOM Humanities and Communication,,,HCOM Humanities and Communication,Course,HCOM 231 - Latina/o Creative Writing Workshop,,[],[],,[],
2025-2026,Monterey Peninsula College,"California State University, Monterey Bay",HCOM Humanities and Communication,,,HCOM Humanities and Communication,Course,HCOM 242 - Intro to Women's & Gender Studies,(((GWOS 1 - Introduction to Gender and Women's Studies) OR (SOCI 12 - Introduction to Gender and Sexuality)) OR (ANTH 30 - Gender in Global Perspective)) OR (GWOS 30 - Gender in Global Perspective),"[""GWOS 1 - Introduction to Gender and Women's Studies"", 'SOCI 12 - Introduction to Gender and Sexuality', 'ANTH 30 - Gender in Global Perspective', 'GWOS 30 - Gender in Global Perspective']","[{'option': 1, 'groups': [{'group_conjunction': 'AND', 'courses': [""GWOS 1 - Introduction to Gender and Women's Studies""]}], 'courses': [""GWOS 1 - Introduction to Gender and Women's Studies""], 'must_take_together': False}, {'option': 2, 'groups': [{'group_conjunction': 'AND', 'courses': ['SOCI 12 - Introduction to Gender and Sexuality']}], 'courses': ['SOCI 12 - Introduction to Gender and Sexuality'], 'must_take_together': False}, {'option': 3, 'groups': [{'group_conjunction': 'AND', 'courses': ['ANTH 30 - Gender in Global Perspective']}], 'courses': ['ANTH 30 - Gender in Global Perspective'], 'must_take_together': False}, {'option': 4, 'groups': [{'group_conjunction': 'AND', 'courses': ['GWOS 30 - Gender in Global Perspective']}], 'courses': ['GWOS 30 - Gender in Global Perspective'], 'must_take_together': False}]",,[],
2025-2026,Monterey Peninsula College,"California State University, Monterey Bay",HCOM Humanities and Communication,,,HCOM Humanities and Communication,Course,HCOM 243 - Introduction to Ethnic Studies,No articulation (No Course Articulated),[],[],No Course Articulated,[],
2025-2026,Monterey Peninsula College,"California State University, Monterey Bay",HCOM Humanities and Communication,,,HCOM Humanities and Communication,Course,HCOM 246 - Intro to Mexican American Studies,No articulation (No Course Articulated),[],[],No Course Articulated,[],
2025-2026,Monterey Peninsula College,"California State University, Monterey Bay",HCOM Humanities and Communication,,,HCOM Humanities and Communication,Course,HCOM 247 - African Legacy Worldwide,,[],[],,[],
2025-2026,Monterey Peninsula College,"California State University, Monterey Bay",HCOM Humanities and Communication,,,HCOM Humanities and Communication,Course,HCOM 251 - Introduction to US History,HIST 17 - United States History to 1877,['HIST 17 - United States History to 1877'],"[{'option': 1, 'groups': [{'group_conjunction': 'AND', 'courses': ['HIST 17 - United States History to 1877']}], 'courses': ['HIST 17 - United States History to 1877'], 'must_take_together': False}]",,[],
2025-2026,Monterey Peninsula College,"California State University, Monterey Bay",HCOM Humanities and Communication,,,HCOM Humanities and Communication,Course,HCOM 260S - Politics & Participation,,[],[],,[],
2025-2026,Monterey Peninsula College,"California State University, Monterey Bay",HCOM Humanities and Communication,,,HCOM Humanities and Communication,Course,HCOM 265 - Histories of Democracy,HIST 18 - United States History from 1865,['HIST 18 - United States History from 1865'],"[{'option': 1, 'groups': [{'group_conjunction': 'AND', 'courses': ['HIST 18 - United States History from 1865']}], 'courses': ['HIST 18 - United States History from 1865'], 'must_take_together': False}]",,[],
2025-2026,Monterey Peninsula College,"California State University, Monterey Bay",HCOM Humanities and Communication,,,HCOM Humanities and Communication,Course,HCOM 280 - Intro to Reporting,,[],[],,[],
2025-2026,Monterey Peninsula College,"California State University, Monterey Bay",HCOM Humanities and Communication,,,HCOM Humanities and Communication,Course,"HCOM 290 - Tacos, Territories, & Transnationalism",,[],[],,[],
2025-2026,Monterey Peninsula College,"California State University, Monterey Bay",HDFS Human Development and Family Science,,,HDFS Human Development and Family Science,Course,"HDFS 110 - Indentity, Relationships, & family",,[],[],,[],
2025-2026,Monterey Peninsula College,"California State University, Monterey Bay",HDFS Human Development and Family Science,,,HDFS Human Development and Family Science,Course,HDFS 200 - Intro to Child Development,ECED 1 - Child Growth and Development,['ECED 1 - Child Growth and Development'],"[{'option': 1, 'groups': [{'group_conjunction': 'AND', 'courses': ['ECED 1 - Child Growth and Development']}], 'courses': ['ECED 1 - Child Growth and Development'], 'must_take_together': False}]",,[],
2025-2026,Monterey Peninsula College,"California State University, Monterey Bay",HDFS Human Development and Family Science,,,HDFS Human Development and Family Science,Course,HDFS 222 - Peer Education for Young Adults,,[],[],,[],
2025-2026,Monterey Peninsula College,"California State University, Monterey Bay",HDFS Human Development and Family Science,,,HDFS Human Development and Family Science,Course,HDFS 225 - Peer Education for Young Adults Practicum,,[],[],,[],
2025-2026,Monterey Peninsula College,"California State University, Monterey Bay",HDFS Human Development and Family Science,,,HDFS Human Development and Family Science,Course,"HDFS 270 - Child, Family, & Community","ECED 55 - Child, Family, and Community","['ECED 55 - Child, Family, and Community']","[{'option': 1, 'groups': [{'group_conjunction': 'AND', 'courses': ['ECED 55 - Child, Family, and Community']}], 'courses': ['ECED 55 - Child, Family, and Community'], 'must_take_together': False}]",,[],
2025-2026,Monterey Peninsula College,"California State University, Monterey Bay",HOSP Hospitality,,,HOSP Hospitality,Course,HOSP 200 - Applications of Sustainable Hospitality,HOSP 51 - Introduction to the Hospitality Industry,['HOSP 51 - Introduction to the Hospitality Industry'],"[{'option': 1, 'groups': [{'group_conjunction': 'AND', 'courses': ['HOSP 51 - Introduction to the Hospitality Industry']}], 'courses': ['HOSP 51 - Introduction to the Hospitality Industry'], 'must_take_together': False}]",,[],
2025-2026,Monterey Peninsula College,"California State University, Monterey Bay",HOSP Hospitality,,,HOSP Hospitality,Course,HOSP 221 - Shifting Flavor Landscapes & Unseen/Hidden Populations,,[],[],,[],
2025-2026,Monterey Peninsula College,"California State University, Monterey Bay",ITAL Italian,,,ITAL Italian,Course,ITAL 101 - Beginning Italian I,,[],[],,[],
2025-2026,Monterey Peninsula College,"California State University, Monterey Bay",ITAL Italian,,,ITAL Italian,Course,ITAL 102 - Beginning Italian II,,[],[],,[],
2025-2026,Monterey Peninsula College,"California State University, Monterey Bay",ITAL Italian,,,ITAL Italian,Course,ITAL 201 - Intermediate Italian I,,[],[],,[],
2025-2026,Monterey Peninsula College,"California State University, Monterey Bay",JAPN Japanese,,,JAPN Japanese,Course,JAPN 101 - Beginning Japanese I,JPNS 1A - Elementary Japanese I,['JPNS 1A - Elementary Japanese I'],"[{'option': 1, 'groups': [{'group_conjunction': 'AND', 'courses': ['JPNS 1A - Elementary Japanese I']}], 'courses': ['JPNS 1A - Elementary Japanese I'], 'must_take_together': False}]",,[],
2025-2026,Monterey Peninsula College,"California State University, Monterey Bay",JAPN Japanese,,,JAPN Japanese,Course,JAPN 102 - Beginning Japanese II,JPNS 1B - Elementary Japanese II,['JPNS 1B - Elementary Japanese II'],"[{'option': 1, 'groups': [{'group_conjunction': 'AND', 'courses': ['JPNS 1B - Elementary Japanese II']}], 'courses': ['JPNS 1B - Elementary Japanese II'], 'must_take_together': False}]",,[],
2025-2026,Monterey Peninsula College,"California State University, Monterey Bay",JAPN Japanese,,,JAPN Japanese,Course,JAPN 185 - Beginning Interpersonal & Interpretive Communication I,,[],[],,[],
2025-2026,Monterey Peninsula College,"California State University, Monterey Bay",JAPN Japanese,,,JAPN Japanese,Course,JAPN 186 - Beginning Interpersonal & Interpretive Communication II,,[],[],,[],
2025-2026,Monterey Peninsula College,"California State University, Monterey Bay",JAPN Japanese,,,JAPN Japanese,Course,JAPN 201 - Intermediate Japanese I,JPNS 2A - Intermediate Japanese,['JPNS 2A - Intermediate Japanese'],"[{'option': 1, 'groups': [{'group_conjunction': 'AND', 'courses': ['JPNS 2A - Intermediate Japanese']}], 'courses': ['JPNS 2A - Intermediate Japanese'], 'must_take_together': False}]",,[],
2025-2026,Monterey Peninsula College,"California State University, Monterey Bay",JAPN Japanese,,,JAPN Japanese,Course,JAPN 211 - Modern Japanese History,,[],[],,[],
2025-2026,Monterey Peninsula College,"California State University, Monterey Bay",JAPN Japanese,,,JAPN Japanese,Course,JAPN 212 - Samurai Spirit,,[],[],,[],
2025-2026,Monterey Peninsula College,"California State University, Monterey Bay",JAPN Japanese,,,JAPN Japanese,Course,"JAPN 213 - Manga, Anime and Modern Japan",,[],[],,[],
2025-2026,Monterey Peninsula College,"California State University, Monterey Bay",JAPN Japanese,,,JAPN Japanese,Course,JAPN 215 - Cool Japan Today,,[],[],,[],
2025-2026,Monterey Peninsula College,"California State University, Monterey Bay",JAPN Japanese,,,JAPN Japanese,Course,JAPN 285 - Intermed Interpersonal & Interpretive Communication III,,[],[],,[],
2025-2026,Monterey Peninsula College,"California State University, Monterey Bay",JAPN Japanese,,,JAPN Japanese,Course,JAPN 286 - Intermed Interpersonal & Interpretive Communication IV,,[],[],,[],
2025-2026,Monterey Peninsula College,"California State University, Monterey Bay",KIN Kinesiology,,,KIN Kinesiology,Course,KIN 102 - Monterey Bay Adventure Sports,,[],[],,[],
2025-2026,Monterey Peninsula College,"California State University, Monterey Bay",KIN Kinesiology,,,KIN Kinesiology,Course,KIN 109 - Swimming Beginning,,[],[],,[],
2025-2026,Monterey Peninsula College,"California State University, Monterey Bay",KIN Kinesiology,,,KIN Kinesiology,Course,KIN 110 - Strength Training,,[],[],,[],
2025-2026,Monterey Peninsula College,"California State University, Monterey Bay",KIN Kinesiology,,,KIN Kinesiology,Course,KIN 111 - Swimming for Fitness,,[],[],,[],
2025-2026,Monterey Peninsula College,"California State University, Monterey Bay",KIN Kinesiology,,,KIN Kinesiology,Course,KIN 113 - Wake-Up Workouts,,[],[],,[],
2025-2026,Monterey Peninsula College,"California State University, Monterey Bay",KIN Kinesiology,,,KIN Kinesiology,Course,KIN 114 - Walking,,[],[],,[],
2025-2026,Monterey Peninsula College,"California State University, Monterey Bay",KIN Kinesiology,,,KIN Kinesiology,Course,KIN 115 - Intro to Exercise is Medicine,,[],[],,[],
2025-2026,Monterey Peninsula College,"California State University, Monterey Bay",KIN Kinesiology,,,KIN Kinesiology,Course,KIN 118 - Water Aerobics,,[],[],,[],
2025-2026,Monterey Peninsula College,"California State University, Monterey Bay",KIN Kinesiology,,,KIN Kinesiology,Course,KIN 120 - CPR/First Aid,"EMMS 5 - First Aid, CPR, and AED","['EMMS 5 - First Aid, CPR, and AED']","[{'option': 1, 'groups': [{'group_conjunction': 'AND', 'courses': ['EMMS 5 - First Aid, CPR, and AED']}], 'courses': ['EMMS 5 - First Aid, CPR, and AED'], 'must_take_together': False}]",,[],
2025-2026,Monterey Peninsula College,"California State University, Monterey Bay",KIN Kinesiology,,,KIN Kinesiology,Course,KIN 123 - Step Aerobics,,[],[],,[],
2025-2026,Monterey Peninsula College,"California State University, Monterey Bay",KIN Kinesiology,,,KIN Kinesiology,Course,KIN 125 - HIIT Cardio,,[],[],,[],
2025-2026,Monterey Peninsula College,"California State University, Monterey Bay",KIN Kinesiology,,,KIN Kinesiology,Course,KIN 131 - Beginning Tai Chi Chi Kung,,[],[],,[],
2025-2026,Monterey Peninsula College,"California State University, Monterey Bay",KIN Kinesiology,,,KIN Kinesiology,Course,KIN 134 - Self Defense,,[],[],,[],
2025-2026,Monterey Peninsula College,"California State University, Monterey Bay",KIN Kinesiology,,,KIN Kinesiology,Course,KIN 139 - Yoga,,[],[],,[],
2025-2026,Monterey Peninsula College,"California State University, Monterey Bay",KIN Kinesiology,,,KIN Kinesiology,Course,KIN 140 - Yoga II,,[],[],,[],
2025-2026,Monterey Peninsula College,"California State University, Monterey Bay",KIN Kinesiology,,,KIN Kinesiology,Course,KIN 141 - Disc Golf,,[],[],,[],
2025-2026,Monterey Peninsula College,"California State University, Monterey Bay",KIN Kinesiology,,,KIN Kinesiology,Course,KIN 143 - Volleyball: All Levels,,[],[],,[],
2025-2026,Monterey Peninsula College,"California State University, Monterey Bay",KIN Kinesiology,,,KIN Kinesiology,Course,KIN 144 - Basketball: All Levels,,[],[],,[],
2025-2026,Monterey Peninsula College,"California State University, Monterey Bay",KIN Kinesiology,,,KIN Kinesiology,Course,KIN 145 - Softball: All Levels,,[],[],,[],
2025-2026,Monterey Peninsula College,"California State University, Monterey Bay",KIN Kinesiology,,,KIN Kinesiology,Course,KIN 148 - Running: All Levels,,[],[],,[],
2025-2026,Monterey Peninsula College,"California State University, Monterey Bay",KIN Kinesiology,,,KIN Kinesiology,Course,KIN 149 - Surfing,,[],[],,[],
2025-2026,Monterey Peninsula College,"California State University, Monterey Bay",KIN Kinesiology,,,KIN Kinesiology,Course,KIN 159 - The Science of Being Well,,[],[],,[],
2025-2026,Monterey Peninsula College,"California State University, Monterey Bay",KIN Kinesiology,,,KIN Kinesiology,Course,KIN 161 - Health and Well Being,HLTH 4 - Personal Health and Wellness,['HLTH 4 - Personal Health and Wellness'],"[{'option': 1, 'groups': [{'group_conjunction': 'AND', 'courses': ['HLTH 4 - Personal Health and Wellness']}], 'courses': ['HLTH 4 - Personal Health and Wellness'], 'must_take_together': False}]",,[],
2025-2026,Monterey Peninsula College,"California State University, Monterey Bay",KIN Kinesiology,,,KIN Kinesiology,Course,KIN 163 - Principles of Stress Management,,[],[],,[],
2025-2026,Monterey Peninsula College,"California State University, Monterey Bay",KIN Kinesiology,,,KIN Kinesiology,Course,KIN 180 - Backpacking and Hiking,,[],[],,[],
2025-2026,Monterey Peninsula College,"California State University, Monterey Bay",KIN Kinesiology,,,KIN Kinesiology,Course,KIN 180L - Backpacking and Hiking Laboratory,,[],[],,[],
2025-2026,Monterey Peninsula College,"California State University, Monterey Bay",KIN Kinesiology,,,KIN Kinesiology,Course,KIN 200 - Intercollegiate Athletics,,[],[],,[],
2025-2026,Monterey Peninsula College,"California State University, Monterey Bay",KIN Kinesiology,,,KIN Kinesiology,Course,KIN 201 - Medical Terminology,,[],[],,[],
2025-2026,Monterey Peninsula College,"California State University, Monterey Bay",KIN Kinesiology,,,KIN Kinesiology,Course,KIN 202 - Women and Gender in Sports,,[],[],,[],
2025-2026,Monterey Peninsula College,"California State University, Monterey Bay",KIN Kinesiology,,,KIN Kinesiology,Course,KIN 254 - Kayaking,,[],[],,[],
2025-2026,Monterey Peninsula College,"California State University, Monterey Bay",KIN Kinesiology,,,KIN Kinesiology,Course,KIN 254L - Kayaking Laboratory,,[],[],,[],
2025-2026,Monterey Peninsula College,"California State University, Monterey Bay",KIN Kinesiology,,,KIN Kinesiology,Course,KIN 263 - Introduction to Human Sexuality,PSYC 40 - Human Sexuality,['PSYC 40 - Human Sexuality'],"[{'option': 1, 'groups': [{'group_conjunction': 'AND', 'courses': ['PSYC 40 - Human Sexuality']}], 'courses': ['PSYC 40 - Human Sexuality'], 'must_take_together': False}]",,[],
2025-2026,Monterey Peninsula College,"California State University, Monterey Bay",KIN Kinesiology,,,KIN Kinesiology,Course,KIN 281 - Rock Climbing,,[],[],,[],
2025-2026,Monterey Peninsula College,"California State University, Monterey Bay",LS Liberal Studies,,,LS Liberal Studies,Course,LS 120 - Reading & Writing in Digital World,,[],[],,[],
2025-2026,Monterey Peninsula College,"California State University, Monterey Bay",LS Liberal Studies,,,LS Liberal Studies,Course,LS 233 - Arts in the School and Community,ARTB 10 - Survey of the Arts,['ARTB 10 - Survey of the Arts'],"[{'option': 1, 'groups': [{'group_conjunction': 'AND', 'courses': ['ARTB 10 - Survey of the Arts']}], 'courses': ['ARTB 10 - Survey of the Arts'], 'must_take_together': False}]",,[],
2025-2026,Monterey Peninsula College,"California State University, Monterey Bay",LS Liberal Studies,,,LS Liberal Studies,Course,LS 242S - Service Learning in Public Schools,EDUC 1L - Education Service Learning Lab AND EDUC 1 - Introduction to Teaching and Education,['EDUC 1L - Education Service Learning Lab AND EDUC 1 - Introduction to Teaching and Education'],"[{'option': 1, 'groups': [{'group_conjunction': 'AND', 'courses': ['EDUC 1L - Education Service Learning Lab', 'EDUC 1 - Introduction to Teaching and Education']}], 'courses': ['EDUC 1L - Education Service Learning Lab', 'EDUC 1 - Introduction to Teaching and Education'], 'must_take_together': True}]",,[],
2025-2026,Monterey Peninsula College,"California State University, Monterey Bay",MATH Mathematics,,,MATH Mathematics,Course,MATH 100 - Quantitative Literacy,MATH 12 - Number Systems,['MATH 12 - Number Systems'],"[{'option': 1, 'groups': [{'group_conjunction': 'AND', 'courses': ['MATH 12 - Number Systems']}], 'courses': ['MATH 12 - Number Systems'], 'must_take_together': False}]",,[],
2025-2026,Monterey Peninsula College,"California State University, Monterey Bay",MATH Mathematics,,,MATH Mathematics,Course,MATH 115 - Finite Mathematics,(MATH 17 - Finite Mathematics) OR (MATH 18 - Calculus and Analytic Geometry for the Biological/Social Science/Business),"['MATH 17 - Finite Mathematics', 'MATH 18 - Calculus and Analytic Geometry for the Biological/Social Science/Business']","[{'option': 1, 'groups': [{'group_conjunction': 'AND', 'courses': ['MATH 17 - Finite Mathematics']}], 'courses': ['MATH 17 - Finite Mathematics'], 'must_take_together': False}, {'option': 2, 'groups': [{'group_conjunction': 'AND', 'courses': ['MATH 18 - Calculus and Analytic Geometry for the Biological/Social Science/Business']}], 'courses': ['MATH 18 - Calculus and Analytic Geometry for the Biological/Social Science/Business'], 'must_take_together': False}]",,[],
2025-2026,Monterey Peninsula College,"California State University, Monterey Bay",MATH Mathematics,,,MATH Mathematics,Course,MATH 130 - Precalculus,MATH 13 - Pre-Calculus,['MATH 13 - Pre-Calculus'],"[{'option': 1, 'groups': [{'group_conjunction': 'AND', 'courses': ['MATH 13 - Pre-Calculus']}], 'courses': ['MATH 13 - Pre-Calculus'], 'must_take_together': False}]",,[],
2025-2026,Monterey Peninsula College,"California State University, Monterey Bay",MATH Mathematics,,,MATH Mathematics,Course,MATH 150 - Calculus I,MATH 20A - Calculus with Analytic Geometry I,['MATH 20A - Calculus with Analytic Geometry I'],"[{'option': 1, 'groups': [{'group_conjunction': 'AND', 'courses': ['MATH 20A - Calculus with Analytic Geometry I']}], 'courses': ['MATH 20A - Calculus with Analytic Geometry I'], 'must_take_together': False}]",,[],
2025-2026,Monterey Peninsula College,"California State University, Monterey Bay",MATH Mathematics,,,MATH Mathematics,Course,MATH 151 - Calculus II,MATH 20B - Calculus with Analytic Geometry II,['MATH 20B - Calculus with Analytic Geometry II'],"[{'option': 1, 'groups': [{'group_conjunction': 'AND', 'courses': ['MATH 20B - Calculus with Analytic Geometry II']}], 'courses': ['MATH 20B - Calculus with Analytic Geometry II'], 'must_take_together': False}]",,[],
2025-2026,Monterey Peninsula College,"California State University, Monterey Bay",MATH Mathematics,,,MATH Mathematics,Course,MATH 170 - Discrete Mathematics,(MATH 40 - Discrete Mathematics) OR (CSCI 12 - Discrete Structures),"['MATH 40 - Discrete Mathematics', 'CSCI 12 - Discrete Structures']","[{'option': 1, 'groups': [{'group_conjunction': 'AND', 'courses': ['MATH 40 - Discrete Mathematics']}], 'courses': ['MATH 40 - Discrete Mathematics'], 'must_take_together': False}, {'option': 2, 'groups': [{'group_conjunction': 'AND', 'courses': ['CSCI 12 - Discrete Structures']}], 'courses': ['CSCI 12 - Discrete Structures'], 'must_take_together': False}]",,[],
2025-2026,Monterey Peninsula College,"California State University, Monterey Bay",MATH Mathematics,,,MATH Mathematics,Course,MATH 230 - Elementary Linear Algebra,MATH 31 - Linear Algebra,['MATH 31 - Linear Algebra'],"[{'option': 1, 'groups': [{'group_conjunction': 'AND', 'courses': ['MATH 31 - Linear Algebra']}], 'courses': ['MATH 31 - Linear Algebra'], 'must_take_together': False}]",,[],
2025-2026,Monterey Peninsula College,"California State University, Monterey Bay",MATH Mathematics,,,MATH Mathematics,Course,MATH 240 - Elementary Differential Equations,MATH 32 - Differential Equations,['MATH 32 - Differential Equations'],"[{'option': 1, 'groups': [{'group_conjunction': 'AND', 'courses': ['MATH 32 - Differential Equations']}], 'courses': ['MATH 32 - Differential Equations'], 'must_take_together': False}]",,[],
2025-2026,Monterey Peninsula College,"California State University, Monterey Bay",MATH Mathematics,,,MATH Mathematics,Course,MATH 250 - Multivariate Calculus,MATH 20C - Calculus of Several Variables,['MATH 20C - Calculus of Several Variables'],"[{'option': 1, 'groups': [{'group_conjunction': 'AND', 'courses': ['MATH 20C - Calculus of Several Variables']}], 'courses': ['MATH 20C - Calculus of Several Variables'], 'must_take_together': False}]",,[],
2025-2026,Monterey Peninsula College,"California State University, Monterey Bay",MATH Mathematics,,,MATH Mathematics,Course,MATH 265 - Differential Equations and Linear Algebra,MATH 32 - Differential Equations AND MATH 31 - Linear Algebra,['MATH 32 - Differential Equations AND MATH 31 - Linear Algebra'],"[{'option': 1, 'groups': [{'group_conjunction': 'AND', 'courses': ['MATH 32 - Differential Equations', 'MATH 31 - Linear Algebra']}], 'courses': ['MATH 32 - Differential Equations', 'MATH 31 - Linear Algebra'], 'must_take_together': True}]",,[],
2025-2026,Monterey Peninsula College,"California State University, Monterey Bay",MATH Mathematics,,,MATH Mathematics,Course,MATH 270 - Mathematics for Computing,,[],[],,[],
2025-2026,Monterey Peninsula College,"California State University, Monterey Bay",MPA Music and Performing Arts,,,MPA Music and Performing Arts,Course,MPA 108 - Introduction to Music Production,,[],[],,[],
2025-2026,Monterey Peninsula College,"California State University, Monterey Bay",MPA Music and Performing Arts,,,MPA Music and Performing Arts,Course,MPA 110 - Keyboard I,MUSI 50A - Piano I,['MUSI 50A - Piano I'],"[{'option': 1, 'groups': [{'group_conjunction': 'AND', 'courses': ['MUSI 50A - Piano I']}], 'courses': ['MUSI 50A - Piano I'], 'must_take_together': False}]",,[],
2025-2026,Monterey Peninsula College,"California State University, Monterey Bay",MPA Music and Performing Arts,,,MPA Music and Performing Arts,Course,MPA 114 - Introduction to Music Business,,[],[],,[],
2025-2026,Monterey Peninsula College,"California State University, Monterey Bay",MPA Music and Performing Arts,,,MPA Music and Performing Arts,Course,MPA 208 - Music of the Beatles,,[],[],,[],
2025-2026,Monterey Peninsula College,"California State University, Monterey Bay",MPA Music and Performing Arts,,,MPA Music and Performing Arts,Course,MPA 209 - African Drumming,,[],[],,[],
2025-2026,Monterey Peninsula College,"California State University, Monterey Bay",MPA Music and Performing Arts,,,MPA Music and Performing Arts,Course,MPA 210 - Keyboard II,MUSI 50B - Piano II,['MUSI 50B - Piano II'],"[{'option': 1, 'groups': [{'group_conjunction': 'AND', 'courses': ['MUSI 50B - Piano II']}], 'courses': ['MUSI 50B - Piano II'], 'must_take_together': False}]",,[],
2025-2026,Monterey Peninsula College,"California State University, Monterey Bay",MPA Music and Performing Arts,,,MPA Music and Performing Arts,Course,MPA 216 - Stage Design & Technology,((THEA 19 - Stagecraft) OR (THEA 20 - Introduction to Theatre Design)) OR (THEA 21A - Theatre Workshop I),"['THEA 19 - Stagecraft', 'THEA 20 - Introduction to Theatre Design', 'THEA 21A - Theatre Workshop I']","[{'option': 1, 'groups': [{'group_conjunction': 'AND', 'courses': ['THEA 19 - Stagecraft']}], 'courses': ['THEA 19 - Stagecraft'], 'must_take_together': False}, {'option': 2, 'groups': [{'group_conjunction': 'AND', 'courses': ['THEA 20 - Introduction to Theatre Design']}], 'courses': ['THEA 20 - Introduction to Theatre Design'], 'must_take_together': False}, {'option': 3, 'groups': [{'group_conjunction': 'AND', 'courses': ['THEA 21A - Theatre Workshop I']}], 'courses': ['THEA 21A - Theatre Workshop I'], 'must_take_together': False}]",,[],
2025-2026,Monterey Peninsula College,"California State University, Monterey Bay",MPA Music and Performing Arts,,,MPA Music and Performing Arts,Course,MPA 220 - Gregorian Chants to Hip-Hop,MUSI 1 - Music Appreciation,['MUSI 1 - Music Appreciation'],"[{'option': 1, 'groups': [{'group_conjunction': 'AND', 'courses': ['MUSI 1 - Music Appreciation']}], 'courses': ['MUSI 1 - Music Appreciation'], 'must_take_together': False}]",,[],
2025-2026,Monterey Peninsula College,"California State University, Monterey Bay",MPA Music and Performing Arts,,,MPA Music and Performing Arts,Course,MPA 225 - Ballet Folklorico,,[],[],,[],
2025-2026,Monterey Peninsula College,"California State University, Monterey Bay",MPA Music and Performing Arts,,,MPA Music and Performing Arts,Course,MPA 229 - African Dancing,,[],[],,[],
2025-2026,Monterey Peninsula College,"California State University, Monterey Bay",MPA Music and Performing Arts,,,MPA Music and Performing Arts,Course,MPA 233 - Expressive Arts,,[],[],,[],
2025-2026,Monterey Peninsula College,"California State University, Monterey Bay",MPA Music and Performing Arts,,,MPA Music and Performing Arts,Course,MPA 239 - Contemporary Musical Theatre,,[],[],,[],
2025-2026,Monterey Peninsula College,"California State University, Monterey Bay",MPA Music and Performing Arts,,,MPA Music and Performing Arts,Course,MPA 241 - Introduction to Theatre,THEA 1 - Introduction to Theatre,['THEA 1 - Introduction to Theatre'],"[{'option': 1, 'groups': [{'group_conjunction': 'AND', 'courses': ['THEA 1 - Introduction to Theatre']}], 'courses': ['THEA 1 - Introduction to Theatre'], 'must_take_together': False}]",,[],
2025-2026,Monterey Peninsula College,"California State University, Monterey Bay",MPA Music and Performing Arts,,,MPA Music and Performing Arts,Course,MPA 261 - String Ensemble,,[],[],,[],
2025-2026,Monterey Peninsula College,"California State University, Monterey Bay",MPA Music and Performing Arts,,,MPA Music and Performing Arts,Series,"MPA 102, MPA 106",MUSI 10C - Music Theory and Musicianship III,['MUSI 10C - Music Theory and Musicianship III'],"[{'option': 1, 'groups': [{'group_conjunction': 'AND', 'courses': ['MUSI 10C - Music Theory and Musicianship III']}], 'courses': ['MUSI 10C - Music Theory and Musicianship III'], 'must_take_together': False}]",,[],
2025-2026,Monterey Peninsula College,"California State University, Monterey Bay",MPA Music and Performing Arts,,,MPA Music and Performing Arts,Series,"MPA 100, MPA 104",MUSI 10A - Music Theory and Musicianship I,['MUSI 10A - Music Theory and Musicianship I'],"[{'option': 1, 'groups': [{'group_conjunction': 'AND', 'courses': ['MUSI 10A - Music Theory and Musicianship I']}], 'courses': ['MUSI 10A - Music Theory and Musicianship I'], 'must_take_together': False}]",,[],
2025-2026,Monterey Peninsula College,"California State University, Monterey Bay",MPA Music and Performing Arts,,,MPA Music and Performing Arts,Series,"MPA 103, MPA 107",MUSI 10D - Music Theory and Musicianship IV,['MUSI 10D - Music Theory and Musicianship IV'],"[{'option': 1, 'groups': [{'group_conjunction': 'AND', 'courses': ['MUSI 10D - Music Theory and Musicianship IV']}], 'courses': ['MUSI 10D - Music Theory and Musicianship IV'], 'must_take_together': False}]",,[],
2025-2026,Monterey Peninsula College,"California State University, Monterey Bay",MPA Music and Performing Arts,,,MPA Music and Performing Arts,Series,"MPA 101, MPA 105",MUSI 10B - Music Theory and Musicianship II,['MUSI 10B - Music Theory and Musicianship II'],"[{'option': 1, 'groups': [{'group_conjunction': 'AND', 'courses': ['MUSI 10B - Music Theory and Musicianship II']}], 'courses': ['MUSI 10B - Music Theory and Musicianship II'], 'must_take_together': False}]",,[],
2025-2026,Monterey Peninsula College,"California State University, Monterey Bay",MSCI Marine Science,,,MSCI Marine Science,Course,MSCI 185 - Adventures in Marine Science,,[],[],,[],
2025-2026,Monterey Peninsula College,"California State University, Monterey Bay",MSCI Marine Science,,,MSCI Marine Science,Course,MSCI 270 - Intro to Oceanography,OCEN 2 - Introductory Oceanography,['OCEN 2 - Introductory Oceanography'],"[{'option': 1, 'groups': [{'group_conjunction': 'AND', 'courses': ['OCEN 2 - Introductory Oceanography']}], 'courses': ['OCEN 2 - Introductory Oceanography'], 'must_take_together': False}]",,[],
2025-2026,Monterey Peninsula College,"California State University, Monterey Bay",MSCI Marine Science,,,MSCI Marine Science,Course,MSCI 280 - SCUBA I: Entry Level SCUBA,,[],[],,[],
2025-2026,Monterey Peninsula College,"California State University, Monterey Bay",MSCI Marine Science,,,MSCI Marine Science,Course,MSCI 282 - SCUBA II: Emergency Management & Advanced SCUBA,,[],[],,[],
2025-2026,Monterey Peninsula College,"California State University, Monterey Bay",MSCI Marine Science,,,MSCI Marine Science,Course,MSCI 283 - SCUBA III: Occupational Diving Techniques,,[],[],,[],
2025-2026,Monterey Peninsula College,"California State University, Monterey Bay",PANM Public Administration & Nonprofit Management,,,PANM Public Administration & Nonprofit Management,Course,PANM 202 - Introduction to Public Administration and Nonprofit Management,,[],[],,[],
2025-2026,Monterey Peninsula College,"California State University, Monterey Bay",PH Public Health,,,PH Public Health,Course,PH 207 - Introduction to Public Health,HLTH 1 - Introduction to Public Health,['HLTH 1 - Introduction to Public Health'],"[{'option': 1, 'groups': [{'group_conjunction': 'AND', 'courses': ['HLTH 1 - Introduction to Public Health']}], 'courses': ['HLTH 1 - Introduction to Public Health'], 'must_take_together': False}]",,[],
2025-2026,Monterey Peninsula College,"California State University, Monterey Bay",PHYS Physics,,,PHYS Physics,Course,PHYS 121 - Integrated Physical Science,,[],[],,[],
2025-2026,Monterey Peninsula College,"California State University, Monterey Bay",PHYS Physics,,,PHYS Physics,Course,PHYS 121L - Integrated Physical Science Laboratory,,[],[],,[],
2025-2026,Monterey Peninsula College,"California State University, Monterey Bay",PHYS Physics,,,PHYS Physics,Course,PHYS 205 - Physics for Engineeers I,PHYS 3A - Science and Engineering Physics I,['PHYS 3A - Science and Engineering Physics I'],"[{'option': 1, 'groups': [{'group_conjunction': 'AND', 'courses': ['PHYS 3A - Science and Engineering Physics I']}], 'courses': ['PHYS 3A - Science and Engineering Physics I'], 'must_take_together': False}]",,[],
2025-2026,Monterey Peninsula College,"California State University, Monterey Bay",PHYS Physics,,,PHYS Physics,Course,PHYS 210 - Physics for Engineers II,PHYS 3B - Science and Engineering Physics II,['PHYS 3B - Science and Engineering Physics II'],"[{'option': 1, 'groups': [{'group_conjunction': 'AND', 'courses': ['PHYS 3B - Science and Engineering Physics II']}], 'courses': ['PHYS 3B - Science and Engineering Physics II'], 'must_take_together': False}]",,[],
2025-2026,Monterey Peninsula College,"California State University, Monterey Bay",PHYS Physics,,,PHYS Physics,Course,PHYS 220 - Physics I,(PHYS 2A - General Physics I) OR (PHYS 3A - Science and Engineering Physics I),"['PHYS 2A - General Physics I', 'PHYS 3A - Science and Engineering Physics I']","[{'option': 1, 'groups': [{'group_conjunction': 'AND', 'courses': ['PHYS 2A - General Physics I']}], 'courses': ['PHYS 2A - General Physics I'], 'must_take_together': False}, {'option': 2, 'groups': [{'group_conjunction': 'AND', 'courses': ['PHYS 3A - Science and Engineering Physics I']}], 'courses': ['PHYS 3A - Science and Engineering Physics I'], 'must_take_together': False}]",,[],
2025-2026,Monterey Peninsula College,"California State University, Monterey Bay",PHYS Physics,,,PHYS Physics,Course,PHYS 221 - Physics II,(PHYS 2B - General Physics II) OR (PHYS 3B - Science and Engineering Physics II AND PHYS 3C - Science and Engineering Physics III),"['PHYS 2B - General Physics II', 'PHYS 3B - Science and Engineering Physics II AND PHYS 3C - Science and Engineering Physics III']","[{'option': 1, 'groups': [{'group_conjunction': 'AND', 'courses': ['PHYS 2B - General Physics II']}], 'courses': ['PHYS 2B - General Physics II'], 'must_take_together': False}, {'option': 2, 'groups': [{'group_conjunction': 'AND', 'courses': ['PHYS 3B - Science and Engineering Physics II', 'PHYS 3C - Science and Engineering Physics III']}], 'courses': ['PHYS 3B - Science and Engineering Physics II', 'PHYS 3C - Science and Engineering Physics III'], 'must_take_together': True}]",,[],
2025-2026,Monterey Peninsula College,"California State University, Monterey Bay",PHYS Physics,,,PHYS Physics,Series,"PHYS 205, PHYS 210",PHYS 3A - Science and Engineering Physics I AND PHYS 3B - Science and Engineering Physics II AND PHYS 3C - Science and Engineering Physics III,['PHYS 3A - Science and Engineering Physics I AND PHYS 3B - Science and Engineering Physics II AND PHYS 3C - Science and Engineering Physics III'],"[{'option': 1, 'groups': [{'group_conjunction': 'AND', 'courses': ['PHYS 3A - Science and Engineering Physics I', 'PHYS 3B - Science and Engineering Physics II', 'PHYS 3C - Science and Engineering Physics III']}], 'courses': ['PHYS 3A - Science and Engineering Physics I', 'PHYS 3B - Science and Engineering Physics II', 'PHYS 3C - Science and Engineering Physics III'], 'must_take_together': True}]",,[],
2025-2026,Monterey Peninsula College,"California State University, Monterey Bay",PHYS Physics,,,PHYS Physics,Series,"PHYS 121, PHYS 121L",PHYS 12 - Integrated Physics and Chemistry,['PHYS 12 - Integrated Physics and Chemistry'],"[{'option': 1, 'groups': [{'group_conjunction': 'AND', 'courses': ['PHYS 12 - Integrated Physics and Chemistry']}], 'courses': ['PHYS 12 - Integrated Physics and Chemistry'], 'must_take_together': False}]",,[],
2025-2026,Monterey Peninsula College,"California State University, Monterey Bay",PSY Psychology,,,PSY Psychology,Course,PSY 100 - Introduction to Psychology,PSYC C1000 - Introduction to Psychology,['PSYC C1000 - Introduction to Psychology'],"[{'option': 1, 'groups': [{'group_conjunction': 'AND', 'courses': ['PSYC C1000 - Introduction to Psychology']}], 'courses': ['PSYC C1000 - Introduction to Psychology'], 'must_take_together': False}]",,[],
2025-2026,Monterey Peninsula College,"California State University, Monterey Bay",PSY Psychology,,,PSY Psychology,Course,PSY 100L - Introduction to Psychology Laboratory,,[],[],,[],
2025-2026,Monterey Peninsula College,"California State University, Monterey Bay",PSY Psychology,,,PSY Psychology,Course,PSY 200 - Introduction Research/Method/Data/Analysis,No articulation (No Course Articulated),[],[],No Course Articulated,[],
2025-2026,Monterey Peninsula College,"California State University, Monterey Bay",PSY Psychology,,,PSY Psychology,Course,PSY 200L - Research Methods Laboratory,,[],[],,[],
2025-2026,Monterey Peninsula College,"California State University, Monterey Bay",PSY Psychology,,,PSY Psychology,Series,"PSY 200, PSY 200L",PSYC 10 - Introduction to Research Methods in Psychology With Lab,['PSYC 10 - Introduction to Research Methods in Psychology With Lab'],"[{'option': 1, 'groups': [{'group_conjunction': 'AND', 'courses': ['PSYC 10 - Introduction to Research Methods in Psychology With Lab']}], 'courses': ['PSYC 10 - Introduction to Research Methods in Psychology With Lab'], 'must_take_together': False}]",,[],
2025-2026,Monterey Peninsula College,"California State University, Monterey Bay",SOC Sociology,,,SOC Sociology,Course,SOC 100 - Introduction to Sociology,SOCI 1 - Introduction to Sociology,['SOCI 1 - Introduction to Sociology'],"[{'option': 1, 'groups': [{'group_conjunction': 'AND', 'courses': ['SOCI 1 - Introduction to Sociology']}], 'courses': ['SOCI 1 - Introduction to Sociology'], 'must_take_together': False}]",,[],
2025-2026,Monterey Peninsula College,"California State University, Monterey Bay",SOC Sociology,,,SOC Sociology,Course,SOC 120 - Thinking Sociologically,,[],[],,[],
2025-2026,Monterey Peninsula College,"California State University, Monterey Bay",SOC Sociology,,,SOC Sociology,Course,SOC 201 - Social Problems,SOCI 2 - Contemporary Social Problems,['SOCI 2 - Contemporary Social Problems'],"[{'option': 1, 'groups': [{'group_conjunction': 'AND', 'courses': ['SOCI 2 - Contemporary Social Problems']}], 'courses': ['SOCI 2 - Contemporary Social Problems'], 'must_take_together': False}]",,[],
2025-2026,Monterey Peninsula College,"California State University, Monterey Bay",SPAN Spanish,,,SPAN Spanish,Course,SPAN 101 - Beginning Spanish I,(SPAN 1 - Elementary Spanish I) OR (SPAN 1S - Elementary Spanish for Spanish Speakers I),"['SPAN 1 - Elementary Spanish I', 'SPAN 1S - Elementary Spanish for Spanish Speakers I']","[{'option': 1, 'groups': [{'group_conjunction': 'AND', 'courses': ['SPAN 1 - Elementary Spanish I']}], 'courses': ['SPAN 1 - Elementary Spanish I'], 'must_take_together': False}, {'option': 2, 'groups': [{'group_conjunction': 'AND', 'courses': ['SPAN 1S - Elementary Spanish for Spanish Speakers I']}], 'courses': ['SPAN 1S - Elementary Spanish for Spanish Speakers I'], 'must_take_together': False}]",,[],
2025-2026,Monterey Peninsula College,"California State University, Monterey Bay",SPAN Spanish,,,SPAN Spanish,Course,SPAN 102 - Beginning Spanish II,SPAN 2 - Elementary Spanish II,['SPAN 2 - Elementary Spanish II'],"[{'option': 1, 'groups': [{'group_conjunction': 'AND', 'courses': ['SPAN 2 - Elementary Spanish II']}], 'courses': ['SPAN 2 - Elementary Spanish II'], 'must_take_together': False}]",,[],
2025-2026,Monterey Peninsula College,"California State University, Monterey Bay",SPAN Spanish,,,SPAN Spanish,Course,SPAN 103 - Intensive Beginning Spanish I and II,,[],[],,[],
2025-2026,Monterey Peninsula College,"California State University, Monterey Bay",SPAN Spanish,,,SPAN Spanish,Course,SPAN 200 - Beginning Spanish Conversation,,[],[],,[],
2025-2026,Monterey Peninsula College,"California State University, Monterey Bay",SPAN Spanish,,,SPAN Spanish,Course,SPAN 201 - Intermediate Spanish I,SPAN 3 - Intermediate Spanish I,['SPAN 3 - Intermediate Spanish I'],"[{'option': 1, 'groups': [{'group_conjunction': 'AND', 'courses': ['SPAN 3 - Intermediate Spanish I']}], 'courses': ['SPAN 3 - Intermediate Spanish I'], 'must_take_together': False}]",,[],
2025-2026,Monterey Peninsula College,"California State University, Monterey Bay",SPAN Spanish,,,SPAN Spanish,Course,SPAN 202 - Intermediate Spanish II,(SPAN 4 - Intermediate Spanish II) OR (SPAN 4S - Intermediate Spanish for Spanish Speakers II),"['SPAN 4 - Intermediate Spanish II', 'SPAN 4S - Intermediate Spanish for Spanish Speakers II']","[{'option': 1, 'groups': [{'group_conjunction': 'AND', 'courses': ['SPAN 4 - Intermediate Spanish II']}], 'courses': ['SPAN 4 - Intermediate Spanish II'], 'must_take_together': False}, {'option': 2, 'groups': [{'group_conjunction': 'AND', 'courses': ['SPAN 4S - Intermediate Spanish for Spanish Speakers II']}], 'courses': ['SPAN 4S - Intermediate Spanish for Spanish Speakers II'], 'must_take_together': False}]",,[],
2025-2026,Monterey Peninsula College,"California State University, Monterey Bay",SPAN Spanish,,,SPAN Spanish,Course,SPAN 212 - Spanish for Spanish Speakers,(SPAN 2S - Elementary Spanish for Spanish Speakers II) OR (SPAN 3S - Intermediate Spanish for Spanish Speakers I),"['SPAN 2S - Elementary Spanish for Spanish Speakers II', 'SPAN 3S - Intermediate Spanish for Spanish Speakers I']","[{'option': 1, 'groups': [{'group_conjunction': 'AND', 'courses': ['SPAN 2S - Elementary Spanish for Spanish Speakers II']}], 'courses': ['SPAN 2S - Elementary Spanish for Spanish Speakers II'], 'must_take_together': False}, {'option': 2, 'groups': [{'group_conjunction': 'AND', 'courses': ['SPAN 3S - Intermediate Spanish for Spanish Speakers I']}], 'courses': ['SPAN 3S - Intermediate Spanish for Spanish Speakers I'], 'must_take_together': False}]",,[],
2025-2026,Monterey Peninsula College,"California State University, Monterey Bay",SPAN Spanish,,,SPAN Spanish,Course,SPAN 260 - Contemporary Chicano Literature: Survey,,[],[],,[],
2025-2026,Monterey Peninsula College,"California State University, Monterey Bay",SPAN Spanish,,,SPAN Spanish,Course,SPAN 262 - Latin American Literature in Translation,,[],[],,[],
2025-2026,Monterey Peninsula College,"California State University, Monterey Bay",SSCI Social Sciences,,,SSCI Social Sciences,Course,SSCI 100 - Human Biocultural Evolution,ANTH 2 - Introduction to Biological Anthropology,['ANTH 2 - Introduction to Biological Anthropology'],"[{'option': 1, 'groups': [{'group_conjunction': 'AND', 'courses': ['ANTH 2 - Introduction to Biological Anthropology']}], 'courses': ['ANTH 2 - Introduction to Biological Anthropology'], 'must_take_together': False}]",,[],
2025-2026,Monterey Peninsula College,"California State University, Monterey Bay",SSCI Social Sciences,,,SSCI Social Sciences,Course,SSCI 101 - Introduction to Anthropology,,[],[],,[],
2025-2026,Monterey Peninsula College,"California State University, Monterey Bay",SSCI Social Sciences,,,SSCI Social Sciences,Course,SSCI 102 - Intro to Archaeology,ANTH 6 - Introduction to Archaeology and Prehistory,['ANTH 6 - Introduction to Archaeology and Prehistory'],"[{'option': 1, 'groups': [{'group_conjunction': 'AND', 'courses': ['ANTH 6 - Introduction to Archaeology and Prehistory']}], 'courses': ['ANTH 6 - Introduction to Archaeology and Prehistory'], 'must_take_together': False}]",,[],
2025-2026,Monterey Peninsula College,"California State University, Monterey Bay",SSCI Social Sciences,,,SSCI Social Sciences,Course,SSCI 110 - Academic Writing in Social Science,,[],[],,[],
2025-2026,Monterey Peninsula College,"California State University, Monterey Bay",SSCI Social Sciences,,,SSCI Social Sciences,Course,SSCI 111 - United States History to 1890,HIST 17 - United States History to 1877,['HIST 17 - United States History to 1877'],"[{'option': 1, 'groups': [{'group_conjunction': 'AND', 'courses': ['HIST 17 - United States History to 1877']}], 'courses': ['HIST 17 - United States History to 1877'], 'must_take_together': False}]",,[],
2025-2026,Monterey Peninsula College,"California State University, Monterey Bay",SSCI Social Sciences,,,SSCI Social Sciences,Course,"SSCI 114 - Women & Social Change in the US, 1890-Present",HIST 12 - Women in United States History,['HIST 12 - Women in United States History'],"[{'option': 1, 'groups': [{'group_conjunction': 'AND', 'courses': ['HIST 12 - Women in United States History']}], 'courses': ['HIST 12 - Women in United States History'], 'must_take_together': False}]",,[],
2025-2026,Monterey Peninsula College,"California State University, Monterey Bay",SSCI Social Sciences,,,SSCI Social Sciences,Course,SSCI 211 - Principles American Democracy,,[],[],,[],
2025-2026,Monterey Peninsula College,"California State University, Monterey Bay",SSCI Social Sciences,,,SSCI Social Sciences,Course,"SSCI 212S - Citizen Action, Comm Power, Pol Change",,[],[],,[],
2025-2026,Monterey Peninsula College,"California State University, Monterey Bay",SSCI Social Sciences,,,SSCI Social Sciences,Course,SSCI 249 - Native American Societies,ETNC 20 - Introduction to Native American Studies,['ETNC 20 - Introduction to Native American Studies'],"[{'option': 1, 'groups': [{'group_conjunction': 'AND', 'courses': ['ETNC 20 - Introduction to Native American Studies']}], 'courses': ['ETNC 20 - Introduction to Native American Studies'], 'must_take_together': False}]",,[],
2025-2026,Monterey Peninsula College,"California State University, Monterey Bay",SSCI Social Sciences,,,SSCI Social Sciences,Course,SSCI 252 - World Regional Geography,(GEOG 4 - Introduction to Human Geography) OR (GEOG 5 - World Regional Geography),"['GEOG 4 - Introduction to Human Geography', 'GEOG 5 - World Regional Geography']","[{'option': 1, 'groups': [{'group_conjunction': 'AND', 'courses': ['GEOG 4 - Introduction to Human Geography']}], 'courses': ['GEOG 4 - Introduction to Human Geography'], 'must_take_together': False}, {'option': 2, 'groups': [{'group_conjunction': 'AND', 'courses': ['GEOG 5 - World Regional Geography']}], 'courses': ['GEOG 5 - World Regional Geography'], 'must_take_together': False}]",,[],
2025-2026,Monterey Peninsula College,"California State University, Monterey Bay",STAT Statistics,,,STAT Statistics,Course,STAT 100 - Introduction to Statistics,((STAT C1000 - Introduction to Statistics) OR (PSYC 19 - Introduction to Statistics for the Social Sciences)) OR (SOCI 19 - Introduction to Statistics for the Social Sciences),"['STAT C1000 - Introduction to Statistics', 'PSYC 19 - Introduction to Statistics for the Social Sciences', 'SOCI 19 - Introduction to Statistics for the Social Sciences']","[{'option': 1, 'groups': [{'group_conjunction': 'AND', 'courses': ['STAT C1000 - Introduction to Statistics']}], 'courses': ['STAT C1000 - Introduction to Statistics'], 'must_take_together': False}, {'option': 2, 'groups': [{'group_conjunction': 'AND', 'courses': ['PSYC 19 - Introduction to Statistics for the Social Sciences']}], 'courses': ['PSYC 19 - Introduction to Statistics for the Social Sciences'], 'must_take_together': False}, {'option': 3, 'groups': [{'group_conjunction': 'AND', 'courses': ['SOCI 19 - Introduction to Statistics for the Social Sciences']}], 'courses': ['SOCI 19 - Introduction to Statistics for the Social Sciences'], 'must_take_together': False}]",,[],
2025-2026,Monterey Peninsula College,"California State University, Monterey Bay",STAT Statistics,,,STAT Statistics,Course,STAT 210 - Statistical Computing with R,,[],[],,[],
2025-2026,Monterey Peninsula College,"California State University, Monterey Bay",STAT Statistics,,,STAT Statistics,Course,STAT 211 - Statistical Computing with SAS,,[],[],,[],
2025-2026,Monterey Peninsula College,"California State University, Monterey Bay",STAT Statistics,,,STAT Statistics,Course,STAT 250 - Applied Statistics: Science Technology,,[],[],,[],
2025-2026,Monterey Peninsula College,"California State University, Monterey Bay",SW Social Work,,,SW Social Work,Course,SW 205 - Introduction to Social Work,HUMS 50 - Intro to Human Services and Social Work,['HUMS 50 - Intro to Human Services and Social Work'],"[{'option': 1, 'groups': [{'group_conjunction': 'AND', 'courses': ['HUMS 50 - Intro to Human Services and Social Work']}], 'courses': ['HUMS 50 - Intro to Human Services and Social Work'], 'must_take_together': False}]",,[],
2025-2026,Monterey Peninsula College,"California State University, Monterey Bay",VPA Visual and Public Arts,,,VPA Visual and Public Arts,Course,VPA 203 - Introduction to Sculpture,,[],[],,[],
2025-2026,Monterey Peninsula College,"California State University, Monterey Bay",VPA Visual and Public Arts,,,VPA Visual and Public Arts,Course,VPA 205 - Introduction to Art Appreciation,(ARTH 1 - Understanding Art) OR (ARTH 4 - Western Art II),"['ARTH 1 - Understanding Art', 'ARTH 4 - Western Art II']","[{'option': 1, 'groups': [{'group_conjunction': 'AND', 'courses': ['ARTH 1 - Understanding Art']}], 'courses': ['ARTH 1 - Understanding Art'], 'must_take_together': False}, {'option': 2, 'groups': [{'group_conjunction': 'AND', 'courses': ['ARTH 4 - Western Art II']}], 'courses': ['ARTH 4 - Western Art II'], 'must_take_together': False}]",,[],
2025-2026,Monterey Peninsula College,"California State University, Monterey Bay",VPA Visual and Public Arts,,,VPA Visual and Public Arts,Course,VPA 206 - Street Art Excavations,,[],[],,[],
2025-2026,Monterey Peninsula College,"California State University, Monterey Bay",VPA Visual and Public Arts,,,VPA Visual and Public Arts,Course,VPA 208 - Power of Image,,[],[],,[],
2025-2026,Monterey Peninsula College,"California State University, Monterey Bay",VPA Visual and Public Arts,,,VPA Visual and Public Arts,Course,VPA 209 - Day of the Dead Workshop,,[],[],,[],
2025-2026,Monterey Peninsula College,"California State University, Monterey Bay",VPA Visual and Public Arts,,,VPA Visual and Public Arts,Course,VPA 210 - The Artist and Society,,[],[],,[],
2025-2026,Monterey Peninsula College,"California State University, Monterey Bay",VPA Visual and Public Arts,,,VPA Visual and Public Arts,Course,VPA 215 - Beginning Drawing,ARTS 10A - Drawing and Composition I,['ARTS 10A - Drawing and Composition I'],"[{'option': 1, 'groups': [{'group_conjunction': 'AND', 'courses': ['ARTS 10A - Drawing and Composition I']}], 'courses': ['ARTS 10A - Drawing and Composition I'], 'must_take_together': False}]",,[],
2025-2026,Monterey Peninsula College,"California State University, Monterey Bay",VPA Visual and Public Arts,,,VPA Visual and Public Arts,Course,VPA 217 - Color Theory,ARTB 4 - Color Fundamentals,['ARTB 4 - Color Fundamentals'],"[{'option': 1, 'groups': [{'group_conjunction': 'AND', 'courses': ['ARTB 4 - Color Fundamentals']}], 'courses': ['ARTB 4 - Color Fundamentals'], 'must_take_together': False}]",,[],
2025-2026,Monterey Peninsula College,"California State University, Monterey Bay",VPA Visual and Public Arts,,,VPA Visual and Public Arts,Course,VPA 218 - Intro to Painting,ARTS 40A - Painting I,['ARTS 40A - Painting I'],"[{'option': 1, 'groups': [{'group_conjunction': 'AND', 'courses': ['ARTS 40A - Painting I']}], 'courses': ['ARTS 40A - Painting I'], 'must_take_together': False}]",,[],
2025-2026,Monterey Peninsula College,"California State University, Monterey Bay",VPA Visual and Public Arts,,,VPA Visual and Public Arts,Course,VPA 229 - Fabrika Screenprinting Lab I,,[],[],,[],
2025-2026,Monterey Peninsula College,"California State University, Monterey Bay",VPA Visual and Public Arts,,,VPA Visual and Public Arts,Course,VPA 285 - Introduction to Photojournalism,,[],[],,[],
2025-2026,Monterey Peninsula College,"California State University, Monterey Bay",VPA Visual and Public Arts,,,VPA Visual and Public Arts,Course,VPA 290 - Introduction to Printmaking,ARTS 60 - Introduction to Printmaking,['ARTS 60 - Introduction to Printmaking'],"[{'option': 1, 'groups': [{'group_conjunction': 'AND', 'courses': ['ARTS 60 - Introduction to Printmaking']}], 'courses': ['ARTS 60 - Introduction to Printmaking'], 'must_take_together': False}]",,[],
2025-2026,Monterey Peninsula College,"California State University, Monterey Bay",WLC World Languages and Cultures,,,WLC World Languages and Cultures,Course,WLC 201 - Intermediate World Languages,,[],[],,[],
2025-2026,Monterey Peninsula College,"California State University, Monterey Bay",WLC World Languages and Cultures,,,WLC World Languages and Cultures,Course,WLC 212 - Language for Heritage Speakers,,[],[],,[],
2025-2026,Monterey Peninsula College,"California State University, Monterey Bay",WLC World Languages and Cultures,,,WLC World Languages and Cultures,Course,WLC 230 - Academic Life in the U.S.,,[],[],,[],
2025-2026,Monterey Peninsula College,"California State University, Monterey Bay",WLC World Languages and Cultures,,,WLC World Languages and Cultures,Course,WLC 250 - Academic English Reading & Writing,,[],[],,[],
