academic_year,sending_institution,receiving_institution,major,group,section,receiving_type,receiving_requirement,sending_courses,sending_course_options,fulfillment_options,no_articulation_reason,denied_courses,template_cell_id
2025-2026,Monterey Peninsula College,"California State University, Monterey Bay","Communication Design B.S., Visual Design Concentration","{""type"": ""Conjunction"", ""conjunction"": ""And"", ""id"": ""60359413-b003-45d6-cbcb-08dd6d829ac2"", ""selectionType"": ""Complete""}",,Course,CST 201 - Media Tools I,(ARTG 10 - Introduction to Computers for Graphic Arts AND ARTG 11 - Introduction to Photoshop) OR (ARTB 2 - Visual Fundamentals: Two-Dimensional Design),"['ARTG 10 - Introduction to Computers for Graphic Arts AND ARTG 11 - Introduction to Photoshop', 'ARTB 2 - Visual Fundamentals: Two-Dimensional Design']","[{'option': 1, 'groups': [{'group_conjunction': 'AND', 'courses': ['ARTG 10 - Introduction to Computers for Graphic Arts', 'ARTG 11 - Introduction to Photoshop']}], 'courses': ['ARTG 10 - Introduction to Computers for Graphic Arts', 'ARTG 11 - Introduction to Photoshop'], 'must_take_together': True}, {'option': 2, 'groups': [{'group_conjunction': 'AND', 'courses': ['ARTB 2 - Visual Fundamentals: Two-Dimensional Design']}], 'courses': ['ARTB 2 - Visual Fundamentals: Two-Dimensional Design'], 'must_take_together': False}]",,[],b6fc4ee9-c0fa-417e-d149-08dd6d829ad0
2025-2026,Monterey Peninsula College,"California State University, Monterey Bay","Communication Design B.S., Visual Design Concentration","{""type"": ""Conjunction"", ""conjunction"": ""And"", ""id"": ""60359413-b003-45d6-cbcb-08dd6d829ac2"", ""selectionType"": ""Complete""}",,Course,CST 227 - Design Fundamentals,(ARTG 15 - Graphic Design: Images and Type) OR (ARTS 9A - Creative Digital Media I),"['ARTG 15 - Graphic Design: Images and Type', 'ARTS 9A - Creative Digital Media I']","[{'option': 1, 'groups': [{'group_conjunction': 'AND', 'courses': ['ARTG 15 - Graphic Design: Images and Type']}], 'courses': ['ARTG 15 - Graphic Design: Images and Type'], 'must_take_together': False}, {'option': 2, 'groups': [{'group_conjunction': 'AND', 'courses': ['ARTS 9A - Creative Digital Media I']}], 'courses': ['ARTS 9A - Creative Digital Media I'], 'must_take_together': False}]",,[],8582054a-5175-48d6-d14a-08dd6d829ad0
2025-2026,Monterey Peninsula College,"California State University, Monterey Bay","Communication Design B.S., Visual Design Concentration","{""type"": ""Conjunction"", ""conjunction"": ""And"", ""id"": ""60359413-b003-45d6-cbcb-08dd6d829ac2"", ""selectionType"": ""Complete""}",,Course,CST 251 - Web Tools,No articulation (No Course Articulated),[],[],No Course Articulated,[],1c8b54a6-9ba8-45b5-d14b-08dd6d829ad0
2025-2026,Monterey Peninsula College,"California State University, Monterey Bay","Communication Design B.S., Visual Design Concentration","{""type"": ""Conjunction"", ""conjunction"": ""And"", ""id"": ""60359413-b003-45d6-cbcb-08dd6d829ac2"", ""selectionType"": ""Complete""}",,Series,"CST 202, CST 202L",ARTS 10A - Drawing and Composition I,['ARTS 10A - Drawing and Composition I'],"[{'option': 1, 'groups': [{'group_conjunction': 'AND', 'courses': ['ARTS 10A - Drawing and Composition I']}], 'courses': ['ARTS 10A - Drawing and Composition I'], 'must_take_together': False}]",,[],3f43c7fb-d072-49f0-d14d-08dd6d829ad0
2025-2026,Monterey Peninsula College,"California State University, Monterey Bay","Business Administration B.S., Financial Planning Concentration","{""type"": ""Conjunction"", ""conjunction"": ""And"", ""id"": ""7e1efe88-4cd1-4a5b-cbdb-08dd6d829ac2"", ""selectionType"": ""Complete""}",,Course,MATH 130 - Precalculus,MATH 13 - Pre-Calculus,['MATH 13 - Pre-Calculus'],"[{'option': 1, 'groups': [{'group_conjunction': 'AND', 'courses': ['MATH 13 - Pre-Calculus']}], 'courses': ['MATH 13 - Pre-Calculus'], 'must_take_together': False}]",,[],35bdc23b-75aa-4dd8-d1d6-08dd6d829ad0
2025-2026,Monterey Peninsula College,"California State University, Monterey Bay","Business Administration B.S., Financial Planning Concentration","{""type"": ""Conjunction"", ""conjunction"": ""And"", ""id"": ""7e1efe88-4cd1-4a5b-cbdb-08dd6d829ac2"", ""selectionType"": ""Complete""}",,Course,MATH 150 - Calculus I,MATH 20A - Calculus with Analytic Geometry I,['MATH 20A - Calculus with Analytic Geometry I'],"[{'option': 1, 'groups': [{'group_conjunction': 'AND', 'courses': ['MATH 20A - Calculus with Analytic Geometry I']}], 'courses': ['MATH 20A - Calculus with Analytic Geometry I'], 'must_take_together': False}]",,[],cf5e43bb-759b-44fb-d1d7-08dd6d829ad0
2025-2026,Monterey Peninsula College,"California State University, Monterey Bay","Business Administration B.S., Financial Planning Concentration","{""type"": ""Conjunction"", ""conjunction"": ""And"", ""id"": ""7e1efe88-4cd1-4a5b-cbdb-08dd6d829ac2"", ""selectionType"": ""Complete""}",,Course,MATH 115 - Finite Mathematics,(MATH 17 - Finite Mathematics) OR (MATH 18 - Calculus and Analytic Geometry for the Biological/Social Science/Business),"['MATH 17 - Finite Mathematics', 'MATH 18 - Calculus and Analytic Geometry for the Biological/Social Science/Business']","[{'option': 1, 'groups': [{'group_conjunction': 'AND', 'courses': ['MATH 17 - Finite Mathematics']}], 'courses': ['MATH 17 - Finite Mathematics'], 'must_take_together': False}, {'option': 2, 'groups': [{'group_conjunction': 'AND', 'courses': ['MATH 18 - Calculus and Analytic Geometry for the Biological/Social Science/Business']}], 'courses': ['MATH 18 - Calculus and Analytic Geometry for the Biological/Social Science/Business'], 'must_take_together': False}]",,[],20905516-db68-443d-d1d8-08dd6d829ad0
2025-2026,Monterey Peninsula College,"California State University, Monterey Bay","Business Administration B.S., Financial Planning Concentration","{""type"": ""Conjunction"", ""conjunction"": ""And"", ""id"": ""7e1efe88-4cd1-4a5b-cbdb-08dd6d829ac2"", ""selectionType"": ""Complete""}",,Course,BUS 204 - Business Mathematics and Statistics,((STAT C1000 - Introduction to Statistics) OR (PSYC 19 - Introduction to Statistics for the Social Sciences)) OR (SOCI 19 - Introduction to Statistics for the Social Sciences),"['STAT C1000 - Introduction to Statistics', 'PSYC 19 - Introduction to Statistics for the Social Sciences', 'SOCI 19 - Introduction to Statistics for the Social Sciences']","[{'option': 1, 'groups': [{'group_conjunction': 'AND', 'courses': ['STAT C1000 - Introduction to Statistics']}], 'courses': ['STAT C1000 - Introduction to Statistics'], 'must_take_together': False}, {'option': 2, 'groups': [{'group_conjunction': 'AND', 'courses': ['PSYC 19 - Introduction to Statistics for the Social Sciences']}], 'courses': ['PSYC 19 - Introduction to Statistics for the Social Sciences'], 'must_take_together': False}, {'option': 3, 'groups': [{'group_conjunction': 'AND', 'courses': ['SOCI 19 - Introduction to Statistics for the Social Sciences']}], 'courses': ['SOCI 19 - Introduction to Statistics for the Social Sciences'], 'must_take_together': False}]",,[],5057d842-8682-45f5-d1d9-08dd6d829ad0
2025-2026,Monterey Peninsula College,"California State University, Monterey Bay","Business Administration B.S., Financial Planning Concentration","{""type"": ""Conjunction"", ""conjunction"": ""And"", ""id"": ""7e1efe88-4cd1-4a5b-cbdb-08dd6d829ac2"", ""selectionType"": ""Complete""}",,Course,STAT 100 - Introduction to Statistics,((STAT C1000 - Introduction to Statistics) OR (PSYC 19 - Introduction to Statistics for the Social Sciences)) OR (SOCI 19 - Introduction to Statistics for the Social Sciences),"['STAT C1000 - Introduction to Statistics', 'PSYC 19 - Introduction to Statistics for the Social Sciences', 'SOCI 19 - Introduction to Statistics for the Social Sciences']","[{'option': 1, 'groups': [{'group_conjunction': 'AND', 'courses': ['STAT C1000 - Introduction to Statistics']}], 'courses': ['STAT C1000 - Introduction to Statistics'], 'must_take_together': False}, {'option': 2, 'groups': [{'group_conjunction': 'AND', 'courses': ['PSYC 19 - Introduction to Statistics for the Social Sciences']}], 'courses': ['PSYC 19 - Introduction to Statistics for the Social Sciences'], 'must_take_together': False}, {'option': 3, 'groups': [{'group_conjunction': 'AND', 'courses': ['SOCI 19 - Introduction to Statistics for the Social Sciences']}], 'courses': ['SOCI 19 - Introduction to Statistics for the Social Sciences'], 'must_take_together': False}]",,[],aa853bda-1f2b-4b01-d1da-08dd6d829ad0
2025-2026,Monterey Peninsula College,"California State University, Monterey Bay","Business Administration B.S., Financial Planning Concentration","{""type"": ""Conjunction"", ""conjunction"": ""And"", ""id"": ""7e1efe88-4cd1-4a5b-cbdb-08dd6d829ac2"", ""selectionType"": ""Complete""}",,Course,BUS 200 - Personal & Professional Responsibility,BUSI 1 - Introduction to Business,['BUSI 1 - Introduction to Business'],"[{'option': 1, 'groups': [{'group_conjunction': 'AND', 'courses': ['BUSI 1 - Introduction to Business']}], 'courses': ['BUSI 1 - Introduction to Business'], 'must_take_together': False}]",,[],c9b83371-0970-438a-d1db-08dd6d829ad0
2025-2026,Monterey Peninsula College,"California State University, Monterey Bay","Business Administration B.S., Financial Planning Concentration","{""type"": ""Conjunction"", ""conjunction"": ""And"", ""id"": ""7e1efe88-4cd1-4a5b-cbdb-08dd6d829ac2"", ""selectionType"": ""Complete""}",,Course,BUS 201 - Macro Economics,ECON 2 - Principles of Economics: Macro,['ECON 2 - Principles of Economics: Macro'],"[{'option': 1, 'groups': [{'group_conjunction': 'AND', 'courses': ['ECON 2 - Principles of Economics: Macro']}], 'courses': ['ECON 2 - Principles of Economics: Macro'], 'must_take_together': False}]",,[],f87f8a51-52d8-4860-d1dc-08dd6d829ad0
2025-2026,Monterey Peninsula College,"California State University, Monterey Bay","Business Administration B.S., Financial Planning Concentration","{""type"": ""Conjunction"", ""conjunction"": ""And"", ""id"": ""7e1efe88-4cd1-4a5b-cbdb-08dd6d829ac2"", ""selectionType"": ""Complete""}",,Course,BUS 202 - Micro Economics,ECON 4 - Principles of Economics: Micro,['ECON 4 - Principles of Economics: Micro'],"[{'option': 1, 'groups': [{'group_conjunction': 'AND', 'courses': ['ECON 4 - Principles of Economics: Micro']}], 'courses': ['ECON 4 - Principles of Economics: Micro'], 'must_take_together': False}]",,[],938feabe-f1f0-4502-d1dd-08dd6d829ad0
2025-2026,Monterey Peninsula College,"California State University, Monterey Bay","Business Administration B.S., Financial Planning Concentration","{""type"": ""Conjunction"", ""conjunction"": ""And"", ""id"": ""7e1efe88-4cd1-4a5b-cbdb-08dd6d829ac2"", ""selectionType"": ""Complete""}",,Course,BUS 203 - Financial Accounting,BUSI 3A - Financial Accounting,['BUSI 3A - Financial Accounting'],"[{'option': 1, 'groups': [{'group_conjunction': 'AND', 'courses': ['BUSI 3A - Financial Accounting']}], 'courses': ['BUSI 3A - Financial Accounting'], 'must_take_together': False}]",,[],aed40fe6-b093-42fb-d1de-08dd6d829ad0
2025-2026,Monterey Peninsula College,"California State University, Monterey Bay","Business Administration B.S., Financial Planning Concentration","{""type"": ""Conjunction"", ""conjunction"": ""And"", ""id"": ""7e1efe88-4cd1-4a5b-cbdb-08dd6d829ac2"", ""selectionType"": ""Complete""}",,Course,BUS 205 - Managerial Accounting,BUSI 3B - Managerial Accounting,['BUSI 3B - Managerial Accounting'],"[{'option': 1, 'groups': [{'group_conjunction': 'AND', 'courses': ['BUSI 3B - Managerial Accounting']}], 'courses': ['BUSI 3B - Managerial Accounting'], 'must_take_together': False}]",,[],a46b8add-ee42-43a6-d1df-08dd6d829ad0
2025-2026,Monterey Peninsula College,"California State University, Monterey Bay","Business Administration B.S., Financial Planning Concentration","{""type"": ""Conjunction"", ""conjunction"": ""And"", ""id"": ""7e1efe88-4cd1-4a5b-cbdb-08dd6d829ac2"", ""selectionType"": ""Complete""}",,Course,BUS 206 - Business Law,BUSI 4 - Business Law,['BUSI 4 - Business Law'],"[{'option': 1, 'groups': [{'group_conjunction': 'AND', 'courses': ['BUSI 4 - Business Law']}], 'courses': ['BUSI 4 - Business Law'], 'must_take_together': False}]",,[],d09ed5c0-17f5-41fa-d1e0-08dd6d829ad0
2025-2026,Monterey Peninsula College,"California State University, Monterey Bay","Mathematics B.S., Pure & Applied Mathematics Concentration","{""type"": ""Conjunction"", ""conjunction"": ""And"", ""id"": ""420aa1cc-266e-49fd-cbdc-08dd6d829ac2"", ""selectionType"": ""Complete""}",,Course,MATH 250 - Multivariate Calculus,MATH 20C - Calculus of Several Variables,['MATH 20C - Calculus of Several Variables'],"[{'option': 1, 'groups': [{'group_conjunction': 'AND', 'courses': ['MATH 20C - Calculus of Several Variables']}], 'courses': ['MATH 20C - Calculus of Several Variables'], 'must_take_together': False}]",,[],4d84121f-caa9-4d1b-d1e1-08dd6d829ad0
2025-2026,Monterey Peninsula College,"California State University, Monterey Bay","Mathematics B.S., Pure & Applied Mathematics Concentration","{""type"": ""Conjunction"", ""conjunction"": ""And"", ""id"": ""420aa1cc-266e-49fd-cbdc-08dd6d829ac2"", ""selectionType"": ""Complete""}",,Course,MATH 150 - Calculus I,MATH 20A - Calculus with Analytic Geometry I,['MATH 20A - Calculus with Analytic Geometry I'],"[{'option': 1, 'groups': [{'group_conjunction': 'AND', 'courses': ['MATH 20A - Calculus with Analytic Geometry I']}], 'courses': ['MATH 20A - Calculus with Analytic Geometry I'], 'must_take_together': False}]",,[],2a933016-6f55-43b6-d1e2-08dd6d829ad0
2025-2026,Monterey Peninsula College,"California State University, Monterey Bay","Mathematics B.S., Pure & Applied Mathematics Concentration","{""type"": ""Conjunction"", ""conjunction"": ""And"", ""id"": ""420aa1cc-266e-49fd-cbdc-08dd6d829ac2"", ""selectionType"": ""Complete""}",,Course,MATH 151 - Calculus II,MATH 20B - Calculus with Analytic Geometry II,['MATH 20B - Calculus with Analytic Geometry II'],"[{'option': 1, 'groups': [{'group_conjunction': 'AND', 'courses': ['MATH 20B - Calculus with Analytic Geometry II']}], 'courses': ['MATH 20B - Calculus with Analytic Geometry II'], 'must_take_together': False}]",,[],b3a07015-67d5-4b99-d1e4-08dd6d829ad0
2025-2026,Monterey Peninsula College,"California State University, Monterey Bay","Mathematics B.S., Pure & Applied Mathematics Concentration","{""type"": ""Conjunction"", ""conjunction"": ""Or"", ""id"": ""dd128f47-c455-427e-cbdd-08dd6d829ac2"", ""selectionType"": ""Complete""}",,Course,MATH 230 - Elementary Linear Algebra,MATH 31 - Linear Algebra,['MATH 31 - Linear Algebra'],"[{'option': 1, 'groups': [{'group_conjunction': 'AND', 'courses': ['MATH 31 - Linear Algebra']}], 'courses': ['MATH 31 - Linear Algebra'], 'must_take_together': False}]",,[],066cf28c-7bdb-488c-d1e5-08dd6d829ad0
2025-2026,Monterey Peninsula College,"California State University, Monterey Bay","Mathematics B.S., Pure & Applied Mathematics Concentration","{""type"": ""Conjunction"", ""conjunction"": ""Or"", ""id"": ""dd128f47-c455-427e-cbdd-08dd6d829ac2"", ""selectionType"": ""Complete""}",,Course,MATH 240 - Elementary Differential Equations,MATH 32 - Differential Equations,['MATH 32 - Differential Equations'],"[{'option': 1, 'groups': [{'group_conjunction': 'AND', 'courses': ['MATH 32 - Differential Equations']}], 'courses': ['MATH 32 - Differential Equations'], 'must_take_together': False}]",,[],88f60cb6-f3c3-4b54-d1e6-08dd6d829ad0
2025-2026,Monterey Peninsula College,"California State University, Monterey Bay","Mathematics B.S., Pure & Applied Mathematics Concentration","{""type"": ""Conjunction"", ""conjunction"": ""Or"", ""id"": ""dd128f47-c455-427e-cbdd-08dd6d829ac2"", ""selectionType"": ""Complete""}",,Course,MATH 265 - Differential Equations and Linear Algebra,MATH 32 - Differential Equations AND MATH 31 - Linear Algebra,['MATH 32 - Differential Equations AND MATH 31 - Linear Algebra'],"[{'option': 1, 'groups': [{'group_conjunction': 'AND', 'courses': ['MATH 32 - Differential Equations', 'MATH 31 - Linear Algebra']}], 'courses': ['MATH 32 - Differential Equations', 'MATH 31 - Linear Algebra'], 'must_take_together': True}]",,[],4cf90ac0-d267-4464-d1e7-08dd6d829ad0
2025-2026,Monterey Peninsula College,"California State University, Monterey Bay","Mathematics B.S., Pure & Applied Mathematics Concentration",,,Course,CST 231 - Problem Solving and Programming,((CSCI 10A - Programming Methods I: JAVA) OR (CSCI 10C - Programming Methods 1.5 - C and C++)) OR (CSCI 9 - Programming Fundamentals: Python),"['CSCI 10A - Programming Methods I: JAVA', 'CSCI 10C - Programming Methods 1.5 - C and C++', 'CSCI 9 - Programming Fundamentals: Python']","[{'option': 1, 'groups': [{'group_conjunction': 'AND', 'courses': ['CSCI 10A - Programming Methods I: JAVA']}], 'courses': ['CSCI 10A - Programming Methods I: JAVA'], 'must_take_together': False}, {'option': 2, 'groups': [{'group_conjunction': 'AND', 'courses': ['CSCI 10C - Programming Methods 1.5 - C and C++']}], 'courses': ['CSCI 10C - Programming Methods 1.5 - C and C++'], 'must_take_together': False}, {'option': 3, 'groups': [{'group_conjunction': 'AND', 'courses': ['CSCI 9 - Programming Fundamentals: Python']}], 'courses': ['CSCI 9 - Programming Fundamentals: Python'], 'must_take_together': False}]",,[],1decaced-1e91-4ecd-5c80-08dde399765c
2025-2026,Monterey Peninsula College,"California State University, Monterey Bay",Visual and Public Art B.A.,"{""type"": ""Conjunction"", ""conjunction"": ""And"", ""id"": ""ba4d906a-32f2-4355-cbd3-08dd6d829ac2"", ""selectionType"": ""Complete""}",,Course,VPA 290 - Introduction to Printmaking,ARTS 60 - Introduction to Printmaking,['ARTS 60 - Introduction to Printmaking'],"[{'option': 1, 'groups': [{'group_conjunction': 'AND', 'courses': ['ARTS 60 - Introduction to Printmaking']}], 'courses': ['ARTS 60 - Introduction to Printmaking'], 'must_take_together': False}]",,[],4b7fab48-f495-4ffe-d188-08dd6d829ad0
2025-2026,Monterey Peninsula College,"California State University, Monterey Bay",Visual and Public Art B.A.,"{""type"": ""Conjunction"", ""conjunction"": ""And"", ""id"": ""ba4d906a-32f2-4355-cbd3-08dd6d829ac2"", ""selectionType"": ""Complete""}",,Course,VPA 217 - Color Theory,ARTB 4 - Color Fundamentals,['ARTB 4 - Color Fundamentals'],"[{'option': 1, 'groups': [{'group_conjunction': 'AND', 'courses': ['ARTB 4 - Color Fundamentals']}], 'courses': ['ARTB 4 - Color Fundamentals'], 'must_take_together': False}]",,[],00668451-c007-4a8c-d189-08dd6d829ad0
2025-2026,Monterey Peninsula College,"California State University, Monterey Bay",Visual and Public Art B.A.,"{""type"": ""Conjunction"", ""conjunction"": ""And"", ""id"": ""ba4d906a-32f2-4355-cbd3-08dd6d829ac2"", ""selectionType"": ""Complete""}",,Course,VPA 218 - Intro to Painting,ARTS 40A - Painting I,['ARTS 40A - Painting I'],"[{'option': 1, 'groups': [{'group_conjunction': 'AND', 'courses': ['ARTS 40A - Painting I']}], 'courses': ['ARTS 40A - Painting I'], 'must_take_together': False}]",,[],51faa26a-7e55-4062-d18a-08dd6d829ad0
2025-2026,Monterey Peninsula College,"California State University, Monterey Bay",Visual and Public Art B.A.,"{""type"": ""Conjunction"", ""conjunction"": ""And"", ""id"": ""ba4d906a-32f2-4355-cbd3-08dd6d829ac2"", ""selectionType"": ""Complete""}",,Course,VPA 215 - Beginning Drawing,ARTS 10A - Drawing and Composition I,['ARTS 10A - Drawing and Composition I'],"[{'option': 1, 'groups': [{'group_conjunction': 'AND', 'courses': ['ARTS 10A - Drawing and Composition I']}], 'courses': ['ARTS 10A - Drawing and Composition I'], 'must_take_together': False}]",,[],f5a92d04-3174-49c3-d18c-08dd6d829ad0
2025-2026,Monterey Peninsula College,"California State University, Monterey Bay",Visual and Public Art B.A.,"{""type"": ""Conjunction"", ""conjunction"": ""And"", ""id"": ""ba4d906a-32f2-4355-cbd3-08dd6d829ac2"", ""selectionType"": ""Complete""}",,Course,VPA 205 - Introduction to Art Appreciation,(ARTH 1 - Understanding Art) OR (ARTH 4 - Western Art II),"['ARTH 1 - Understanding Art', 'ARTH 4 - Western Art II']","[{'option': 1, 'groups': [{'group_conjunction': 'AND', 'courses': ['ARTH 1 - Understanding Art']}], 'courses': ['ARTH 1 - Understanding Art'], 'must_take_together': False}, {'option': 2, 'groups': [{'group_conjunction': 'AND', 'courses': ['ARTH 4 - Western Art II']}], 'courses': ['ARTH 4 - Western Art II'], 'must_take_together': False}]",,[],e72b3f51-0f57-447b-d18d-08dd6d829ad0
2025-2026,Monterey Peninsula College,"California State University, Monterey Bay","Liberal Studies B.A. + Credential, Integrated Elementary Education Concentration","{""type"": ""Conjunction"", ""conjunction"": ""And"", ""id"": ""27751064-967b-4424-cbb4-08dd6d829ac2"", ""selectionType"": ""Complete""}",,Course,LS 242S - Service Learning in Public Schools,EDUC 1L - Education Service Learning Lab AND EDUC 1 - Introduction to Teaching and Education,['EDUC 1L - Education Service Learning Lab AND EDUC 1 - Introduction to Teaching and Education'],"[{'option': 1, 'groups': [{'group_conjunction': 'AND', 'courses': ['EDUC 1L - Education Service Learning Lab', 'EDUC 1 - Introduction to Teaching and Education']}], 'courses': ['EDUC 1L - Education Service Learning Lab', 'EDUC 1 - Introduction to Teaching and Education'], 'must_take_together': True}]",,[],ca319d70-7771-4ba5-d05b-08dd6d829ad0
2025-2026,Monterey Peninsula College,"California State University, Monterey Bay","Liberal Studies B.A. + Credential, Integrated Elementary Education Concentration","{""type"": ""Conjunction"", ""conjunction"": ""And"", ""id"": ""27751064-967b-4424-cbb4-08dd6d829ac2"", ""selectionType"": ""Complete""}",,Course,GS 214 - Global History I: to 1500,HIST 7 - World History 1500,['HIST 7 - World History 1500'],"[{'option': 1, 'groups': [{'group_conjunction': 'AND', 'courses': ['HIST 7 - World History 1500']}], 'courses': ['HIST 7 - World History 1500'], 'must_take_together': False}]",,[],4cc0a43d-87aa-4f86-d05c-08dd6d829ad0
2025-2026,Monterey Peninsula College,"California State University, Monterey Bay","Liberal Studies B.A. + Credential, Integrated Elementary Education Concentration","{""type"": ""Conjunction"", ""conjunction"": ""And"", ""id"": ""27751064-967b-4424-cbb4-08dd6d829ac2"", ""selectionType"": ""Complete""}",,Course,HCOM 251 - Introduction to US History,HIST 17 - United States History to 1877,['HIST 17 - United States History to 1877'],"[{'option': 1, 'groups': [{'group_conjunction': 'AND', 'courses': ['HIST 17 - United States History to 1877']}], 'courses': ['HIST 17 - United States History to 1877'], 'must_take_together': False}]",,[],15ff1d4e-7e03-4c84-d05e-08dd6d829ad0
2025-2026,Monterey Peninsula College,"California State University, Monterey Bay","Liberal Studies B.A. + Credential, Integrated Elementary Education Concentration","{""type"": ""Conjunction"", ""conjunction"": ""And"", ""id"": ""27751064-967b-4424-cbb4-08dd6d829ac2"", ""selectionType"": ""Complete""}",,Course,SSCI 111 - United States History to 1890,HIST 17 - United States History to 1877,['HIST 17 - United States History to 1877'],"[{'option': 1, 'groups': [{'group_conjunction': 'AND', 'courses': ['HIST 17 - United States History to 1877']}], 'courses': ['HIST 17 - United States History to 1877'], 'must_take_together': False}]",,[],8ac0be43-db73-4714-d060-08dd6d829ad0
2025-2026,Monterey Peninsula College,"California State University, Monterey Bay","Liberal Studies B.A. + Credential, Integrated Elementary Education Concentration","{""type"": ""Conjunction"", ""conjunction"": ""And"", ""id"": ""27751064-967b-4424-cbb4-08dd6d829ac2"", ""selectionType"": ""Complete""}",,Course,BIO 204 - Introduction to Life Sciences,BIOL 10 - Principles of Biology,['BIOL 10 - Principles of Biology'],"[{'option': 1, 'groups': [{'group_conjunction': 'AND', 'courses': ['BIOL 10 - Principles of Biology']}], 'courses': ['BIOL 10 - Principles of Biology'], 'must_take_together': False}]",,[],4ec15ebe-047c-4be6-d065-08dd6d829ad0
2025-2026,Monterey Peninsula College,"California State University, Monterey Bay","Liberal Studies B.A. + Credential, Integrated Elementary Education Concentration","{""type"": ""Conjunction"", ""conjunction"": ""And"", ""id"": ""27751064-967b-4424-cbb4-08dd6d829ac2"", ""selectionType"": ""Complete""}",,Course,GEOL 210 - Earth Science for Teachers,GEOL 12 - Earth Ocean Climate: Introduction to Earth Science AND GEOL 12L - Earth Ocean Climate: Introduction to Earth Science Lab,['GEOL 12 - Earth Ocean Climate: Introduction to Earth Science AND GEOL 12L - Earth Ocean Climate: Introduction to Earth Science Lab'],"[{'option': 1, 'groups': [{'group_conjunction': 'AND', 'courses': ['GEOL 12 - Earth Ocean Climate: Introduction to Earth Science', 'GEOL 12L - Earth Ocean Climate: Introduction to Earth Science Lab']}], 'courses': ['GEOL 12 - Earth Ocean Climate: Introduction to Earth Science', 'GEOL 12L - Earth Ocean Climate: Introduction to Earth Science Lab'], 'must_take_together': True}]",,[],08fced58-c918-48e3-d067-08dd6d829ad0
2025-2026,Monterey Peninsula College,"California State University, Monterey Bay","Liberal Studies B.A. + Credential, Integrated Elementary Education Concentration","{""type"": ""Conjunction"", ""conjunction"": ""And"", ""id"": ""27751064-967b-4424-cbb4-08dd6d829ac2"", ""selectionType"": ""Complete""}",,Course,MATH 100 - Quantitative Literacy,MATH 12 - Number Systems,['MATH 12 - Number Systems'],"[{'option': 1, 'groups': [{'group_conjunction': 'AND', 'courses': ['MATH 12 - Number Systems']}], 'courses': ['MATH 12 - Number Systems'], 'must_take_together': False}]",,[],8b607f56-e047-41f2-d069-08dd6d829ad0
2025-2026,Monterey Peninsula College,"California State University, Monterey Bay","Liberal Studies B.A. + Credential, Integrated Elementary Education Concentration","{""type"": ""Conjunction"", ""conjunction"": ""And"", ""id"": ""27751064-967b-4424-cbb4-08dd6d829ac2"", ""selectionType"": ""Complete""}",,Course,HDFS 200 - Intro to Child Development,ECED 1 - Child Growth and Development,['ECED 1 - Child Growth and Development'],"[{'option': 1, 'groups': [{'group_conjunction': 'AND', 'courses': ['ECED 1 - Child Growth and Development']}], 'courses': ['ECED 1 - Child Growth and Development'], 'must_take_together': False}]",,[],eb9db853-9355-447a-da6f-08dd88146341
2025-2026,Monterey Peninsula College,"California State University, Monterey Bay","Liberal Studies B.A. + Credential, Integrated Elementary Education Concentration","{""type"": ""Conjunction"", ""conjunction"": ""And"", ""id"": ""27751064-967b-4424-cbb4-08dd6d829ac2"", ""selectionType"": ""Complete""}",,Course,LS 233 - Arts in the School and Community,ARTB 10 - Survey of the Arts,['ARTB 10 - Survey of the Arts'],"[{'option': 1, 'groups': [{'group_conjunction': 'AND', 'courses': ['ARTB 10 - Survey of the Arts']}], 'courses': ['ARTB 10 - Survey of the Arts'], 'must_take_together': False}]",,[],dc7a3a6d-80b8-40a9-da70-08dd88146341
2025-2026,Monterey Peninsula College,"California State University, Monterey Bay","Liberal Studies B.A. + Credential, Integrated Elementary Education Concentration","{""type"": ""Conjunction"", ""conjunction"": ""And"", ""id"": ""27751064-967b-4424-cbb4-08dd6d829ac2"", ""selectionType"": ""Complete""}",,Series,"PHYS 121, PHYS 121L",PHYS 12 - Integrated Physics and Chemistry,['PHYS 12 - Integrated Physics and Chemistry'],"[{'option': 1, 'groups': [{'group_conjunction': 'AND', 'courses': ['PHYS 12 - Integrated Physics and Chemistry']}], 'courses': ['PHYS 12 - Integrated Physics and Chemistry'], 'must_take_together': False}]",,[],40549fc5-70a4-4dd6-d063-08dd6d829ad0
2025-2026,Monterey Peninsula College,"California State University, Monterey Bay","Liberal Studies B.A. + Credential, Integrated Bilingual Elementary Education Concentration","{""type"": ""Conjunction"", ""conjunction"": ""And"", ""id"": ""4eafbe8d-adff-48a0-cbb5-08dd6d829ac2"", ""selectionType"": ""Complete""}",,Course,LS 242S - Service Learning in Public Schools,EDUC 1L - Education Service Learning Lab AND EDUC 1 - Introduction to Teaching and Education,['EDUC 1L - Education Service Learning Lab AND EDUC 1 - Introduction to Teaching and Education'],"[{'option': 1, 'groups': [{'group_conjunction': 'AND', 'courses': ['EDUC 1L - Education Service Learning Lab', 'EDUC 1 - Introduction to Teaching and Education']}], 'courses': ['EDUC 1L - Education Service Learning Lab', 'EDUC 1 - Introduction to Teaching and Education'], 'must_take_together': True}]",,[],acb8d670-230d-4aa5-d070-08dd6d829ad0
2025-2026,Monterey Peninsula College,"California State University, Monterey Bay","Liberal Studies B.A. + Credential, Integrated Bilingual Elementary Education Concentration","{""type"": ""Conjunction"", ""conjunction"": ""And"", ""id"": ""4eafbe8d-adff-48a0-cbb5-08dd6d829ac2"", ""selectionType"": ""Complete""}",,Course,GS 214 - Global History I: to 1500,HIST 7 - World History 1500,['HIST 7 - World History 1500'],"[{'option': 1, 'groups': [{'group_conjunction': 'AND', 'courses': ['HIST 7 - World History 1500']}], 'courses': ['HIST 7 - World History 1500'], 'must_take_together': False}]",,[],5968e97c-5776-4753-d071-08dd6d829ad0
2025-2026,Monterey Peninsula College,"California State University, Monterey Bay","Liberal Studies B.A. + Credential, Integrated Bilingual Elementary Education Concentration","{""type"": ""Conjunction"", ""conjunction"": ""And"", ""id"": ""4eafbe8d-adff-48a0-cbb5-08dd6d829ac2"", ""selectionType"": ""Complete""}",,Course,HCOM 251 - Introduction to US History,HIST 17 - United States History to 1877,['HIST 17 - United States History to 1877'],"[{'option': 1, 'groups': [{'group_conjunction': 'AND', 'courses': ['HIST 17 - United States History to 1877']}], 'courses': ['HIST 17 - United States History to 1877'], 'must_take_together': False}]",,[],bed22b67-43aa-4e3b-d072-08dd6d829ad0
2025-2026,Monterey Peninsula College,"California State University, Monterey Bay","Liberal Studies B.A. + Credential, Integrated Bilingual Elementary Education Concentration","{""type"": ""Conjunction"", ""conjunction"": ""And"", ""id"": ""4eafbe8d-adff-48a0-cbb5-08dd6d829ac2"", ""selectionType"": ""Complete""}",,Course,SSCI 111 - United States History to 1890,HIST 17 - United States History to 1877,['HIST 17 - United States History to 1877'],"[{'option': 1, 'groups': [{'group_conjunction': 'AND', 'courses': ['HIST 17 - United States History to 1877']}], 'courses': ['HIST 17 - United States History to 1877'], 'must_take_together': False}]",,[],60e82b85-5a93-4270-d073-08dd6d829ad0
2025-2026,Monterey Peninsula College,"California State University, Monterey Bay","Liberal Studies B.A. + Credential, Integrated Bilingual Elementary Education Concentration","{""type"": ""Conjunction"", ""conjunction"": ""And"", ""id"": ""4eafbe8d-adff-48a0-cbb5-08dd6d829ac2"", ""selectionType"": ""Complete""}",,Course,BIO 204 - Introduction to Life Sciences,BIOL 10 - Principles of Biology,['BIOL 10 - Principles of Biology'],"[{'option': 1, 'groups': [{'group_conjunction': 'AND', 'courses': ['BIOL 10 - Principles of Biology']}], 'courses': ['BIOL 10 - Principles of Biology'], 'must_take_together': False}]",,[],ad64ebe0-f80e-40f8-d075-08dd6d829ad0
2025-2026,Monterey Peninsula College,"California State University, Monterey Bay","Liberal Studies B.A. + Credential, Integrated Bilingual Elementary Education Concentration","{""type"": ""Conjunction"", ""conjunction"": ""And"", ""id"": ""4eafbe8d-adff-48a0-cbb5-08dd6d829ac2"", ""selectionType"": ""Complete""}",,Course,GEOL 210 - Earth Science for Teachers,GEOL 12 - Earth Ocean Climate: Introduction to Earth Science AND GEOL 12L - Earth Ocean Climate: Introduction to Earth Science Lab,['GEOL 12 - Earth Ocean Climate: Introduction to Earth Science AND GEOL 12L - Earth Ocean Climate: Introduction to Earth Science Lab'],"[{'option': 1, 'groups': [{'group_conjunction': 'AND', 'courses': ['GEOL 12 - Earth Ocean Climate: Introduction to Earth Science', 'GEOL 12L - Earth Ocean Climate: Introduction to Earth Science Lab']}], 'courses': ['GEOL 12 - Earth Ocean Climate: Introduction to Earth Science', 'GEOL 12L - Earth Ocean Climate: Introduction to Earth Science Lab'], 'must_take_together': True}]",,[],e6b888a2-6d83-42be-d076-08dd6d829ad0
2025-2026,Monterey Peninsula College,"California State University, Monterey Bay","Liberal Studies B.A. + Credential, Integrated Bilingual Elementary Education Concentration","{""type"": ""Conjunction"", ""conjunction"": ""And"", ""id"": ""4eafbe8d-adff-48a0-cbb5-08dd6d829ac2"", ""selectionType"": ""Complete""}",,Course,MATH 100 - Quantitative Literacy,MATH 12 - Number Systems,['MATH 12 - Number Systems'],"[{'option': 1, 'groups': [{'group_conjunction': 'AND', 'courses': ['MATH 12 - Number Systems']}], 'courses': ['MATH 12 - Number Systems'], 'must_take_together': False}]",,[],67a99ac6-a549-4723-d077-08dd6d829ad0
2025-2026,Monterey Peninsula College,"California State University, Monterey Bay","Liberal Studies B.A. + Credential, Integrated Bilingual Elementary Education Concentration","{""type"": ""Conjunction"", ""conjunction"": ""And"", ""id"": ""4eafbe8d-adff-48a0-cbb5-08dd6d829ac2"", ""selectionType"": ""Complete""}",,Course,HDFS 200 - Intro to Child Development,ECED 1 - Child Growth and Development,['ECED 1 - Child Growth and Development'],"[{'option': 1, 'groups': [{'group_conjunction': 'AND', 'courses': ['ECED 1 - Child Growth and Development']}], 'courses': ['ECED 1 - Child Growth and Development'], 'must_take_together': False}]",,[],ec98e635-51bb-4f6f-da6b-08dd88146341
2025-2026,Monterey Peninsula College,"California State University, Monterey Bay","Liberal Studies B.A. + Credential, Integrated Bilingual Elementary Education Concentration","{""type"": ""Conjunction"", ""conjunction"": ""And"", ""id"": ""4eafbe8d-adff-48a0-cbb5-08dd6d829ac2"", ""selectionType"": ""Complete""}",,Course,LS 233 - Arts in the School and Community,ARTB 10 - Survey of the Arts,['ARTB 10 - Survey of the Arts'],"[{'option': 1, 'groups': [{'group_conjunction': 'AND', 'courses': ['ARTB 10 - Survey of the Arts']}], 'courses': ['ARTB 10 - Survey of the Arts'], 'must_take_together': False}]",,[],a76a8b5f-54e9-477f-da6c-08dd88146341
2025-2026,Monterey Peninsula College,"California State University, Monterey Bay","Liberal Studies B.A. + Credential, Integrated Bilingual Elementary Education Concentration","{""type"": ""Conjunction"", ""conjunction"": ""Or"", ""id"": ""c2d86c9c-c3a2-4447-cbb6-08dd6d829ac2"", ""selectionType"": ""Complete""}",,Course,SPAN 102 - Beginning Spanish II,SPAN 2 - Elementary Spanish II,['SPAN 2 - Elementary Spanish II'],"[{'option': 1, 'groups': [{'group_conjunction': 'AND', 'courses': ['SPAN 2 - Elementary Spanish II']}], 'courses': ['SPAN 2 - Elementary Spanish II'], 'must_take_together': False}]",,[],e0bc17d9-b344-4beb-d07b-08dd6d829ad0
2025-2026,Monterey Peninsula College,"California State University, Monterey Bay","Liberal Studies B.A. + Credential, Integrated Bilingual Elementary Education Concentration","{""type"": ""Conjunction"", ""conjunction"": ""Or"", ""id"": ""c2d86c9c-c3a2-4447-cbb6-08dd6d829ac2"", ""selectionType"": ""Complete""}",,Course,SPAN 201 - Intermediate Spanish I,SPAN 3 - Intermediate Spanish I,['SPAN 3 - Intermediate Spanish I'],"[{'option': 1, 'groups': [{'group_conjunction': 'AND', 'courses': ['SPAN 3 - Intermediate Spanish I']}], 'courses': ['SPAN 3 - Intermediate Spanish I'], 'must_take_together': False}]",,[],bee9bba8-4be9-4635-d07c-08dd6d829ad0
2025-2026,Monterey Peninsula College,"California State University, Monterey Bay","Liberal Studies B.A. + Credential, Integrated Bilingual Elementary Education Concentration","{""type"": ""Conjunction"", ""conjunction"": ""Or"", ""id"": ""c2d86c9c-c3a2-4447-cbb6-08dd6d829ac2"", ""selectionType"": ""Complete""}",,Course,SPAN 212 - Spanish for Spanish Speakers,(SPAN 2S - Elementary Spanish for Spanish Speakers II) OR (SPAN 3S - Intermediate Spanish for Spanish Speakers I),"['SPAN 2S - Elementary Spanish for Spanish Speakers II', 'SPAN 3S - Intermediate Spanish for Spanish Speakers I']","[{'option': 1, 'groups': [{'group_conjunction': 'AND', 'courses': ['SPAN 2S - Elementary Spanish for Spanish Speakers II']}], 'courses': ['SPAN 2S - Elementary Spanish for Spanish Speakers II'], 'must_take_together': False}, {'option': 2, 'groups': [{'group_conjunction': 'AND', 'courses': ['SPAN 3S - Intermediate Spanish for Spanish Speakers I']}], 'courses': ['SPAN 3S - Intermediate Spanish for Spanish Speakers I'], 'must_take_together': False}]",,[],c45020d0-f0be-4da4-d07e-08dd6d829ad0
2025-2026,Monterey Peninsula College,"California State University, Monterey Bay","Liberal Studies B.A. + Credential, Integrated Bilingual Elementary Education Concentration",,,Course,SPAN 101 - Beginning Spanish I,(SPAN 1 - Elementary Spanish I) OR (SPAN 1S - Elementary Spanish for Spanish Speakers I),"['SPAN 1 - Elementary Spanish I', 'SPAN 1S - Elementary Spanish for Spanish Speakers I']","[{'option': 1, 'groups': [{'group_conjunction': 'AND', 'courses': ['SPAN 1 - Elementary Spanish I']}], 'courses': ['SPAN 1 - Elementary Spanish I'], 'must_take_together': False}, {'option': 2, 'groups': [{'group_conjunction': 'AND', 'courses': ['SPAN 1S - Elementary Spanish for Spanish Speakers I']}], 'courses': ['SPAN 1S - Elementary Spanish for Spanish Speakers I'], 'must_take_together': False}]",,[],e43099d5-0a06-4711-da6e-08dd88146341
2025-2026,Monterey Peninsula College,"California State University, Monterey Bay","Liberal Studies B.A. + Credential, Integrated Bilingual Elementary Education Concentration","{""type"": ""Conjunction"", ""conjunction"": ""And"", ""id"": ""4eafbe8d-adff-48a0-cbb5-08dd6d829ac2"", ""selectionType"": ""Complete""}",,Series,"PHYS 121, PHYS 121L",PHYS 12 - Integrated Physics and Chemistry,['PHYS 12 - Integrated Physics and Chemistry'],"[{'option': 1, 'groups': [{'group_conjunction': 'AND', 'courses': ['PHYS 12 - Integrated Physics and Chemistry']}], 'courses': ['PHYS 12 - Integrated Physics and Chemistry'], 'must_take_together': False}]",,[],734c8385-86a0-4c69-d074-08dd6d829ad0
2025-2026,Monterey Peninsula College,"California State University, Monterey Bay","Liberal Studies B.A. + Credential,  Integrated Special Education Concentration","{""type"": ""Conjunction"", ""conjunction"": ""And"", ""id"": ""597facb6-9b44-46b8-cbb3-08dd6d829ac2"", ""selectionType"": ""Complete""}",,Course,LS 242S - Service Learning in Public Schools,EDUC 1L - Education Service Learning Lab AND EDUC 1 - Introduction to Teaching and Education,['EDUC 1L - Education Service Learning Lab AND EDUC 1 - Introduction to Teaching and Education'],"[{'option': 1, 'groups': [{'group_conjunction': 'AND', 'courses': ['EDUC 1L - Education Service Learning Lab', 'EDUC 1 - Introduction to Teaching and Education']}], 'courses': ['EDUC 1L - Education Service Learning Lab', 'EDUC 1 - Introduction to Teaching and Education'], 'must_take_together': True}]",,[],b5580a62-3677-43b9-d05a-08dd6d829ad0
2025-2026,Monterey Peninsula College,"California State University, Monterey Bay","Liberal Studies B.A. + Credential,  Integrated Special Education Concentration","{""type"": ""Conjunction"", ""conjunction"": ""And"", ""id"": ""597facb6-9b44-46b8-cbb3-08dd6d829ac2"", ""selectionType"": ""Complete""}",,Course,GS 214 - Global History I: to 1500,HIST 7 - World History 1500,['HIST 7 - World History 1500'],"[{'option': 1, 'groups': [{'group_conjunction': 'AND', 'courses': ['HIST 7 - World History 1500']}], 'courses': ['HIST 7 - World History 1500'], 'must_take_together': False}]",,[],a3590c4d-a79f-4986-d05d-08dd6d829ad0
2025-2026,Monterey Peninsula College,"California State University, Monterey Bay","Liberal Studies B.A. + Credential,  Integrated Special Education Concentration","{""type"": ""Conjunction"", ""conjunction"": ""And"", ""id"": ""597facb6-9b44-46b8-cbb3-08dd6d829ac2"", ""selectionType"": ""Complete""}",,Course,HCOM 251 - Introduction to US History,HIST 17 - United States History to 1877,['HIST 17 - United States History to 1877'],"[{'option': 1, 'groups': [{'group_conjunction': 'AND', 'courses': ['HIST 17 - United States History to 1877']}], 'courses': ['HIST 17 - United States History to 1877'], 'must_take_together': False}]",,[],f5af0b97-50e4-44c2-d05f-08dd6d829ad0
2025-2026,Monterey Peninsula College,"California State University, Monterey Bay","Liberal Studies B.A. + Credential,  Integrated Special Education Concentration","{""type"": ""Conjunction"", ""conjunction"": ""And"", ""id"": ""597facb6-9b44-46b8-cbb3-08dd6d829ac2"", ""selectionType"": ""Complete""}",,Course,SSCI 111 - United States History to 1890,HIST 17 - United States History to 1877,['HIST 17 - United States History to 1877'],"[{'option': 1, 'groups': [{'group_conjunction': 'AND', 'courses': ['HIST 17 - United States History to 1877']}], 'courses': ['HIST 17 - United States History to 1877'], 'must_take_together': False}]",,[],7d6a44c5-9404-409a-d061-08dd6d829ad0
2025-2026,Monterey Peninsula College,"California State University, Monterey Bay","Liberal Studies B.A. + Credential,  Integrated Special Education Concentration","{""type"": ""Conjunction"", ""conjunction"": ""And"", ""id"": ""597facb6-9b44-46b8-cbb3-08dd6d829ac2"", ""selectionType"": ""Complete""}",,Course,BIO 204 - Introduction to Life Sciences,BIOL 10 - Principles of Biology,['BIOL 10 - Principles of Biology'],"[{'option': 1, 'groups': [{'group_conjunction': 'AND', 'courses': ['BIOL 10 - Principles of Biology']}], 'courses': ['BIOL 10 - Principles of Biology'], 'must_take_together': False}]",,[],67a6e057-327a-48ac-d064-08dd6d829ad0
2025-2026,Monterey Peninsula College,"California State University, Monterey Bay","Liberal Studies B.A. + Credential,  Integrated Special Education Concentration","{""type"": ""Conjunction"", ""conjunction"": ""And"", ""id"": ""597facb6-9b44-46b8-cbb3-08dd6d829ac2"", ""selectionType"": ""Complete""}",,Course,GEOL 210 - Earth Science for Teachers,GEOL 12 - Earth Ocean Climate: Introduction to Earth Science AND GEOL 12L - Earth Ocean Climate: Introduction to Earth Science Lab,['GEOL 12 - Earth Ocean Climate: Introduction to Earth Science AND GEOL 12L - Earth Ocean Climate: Introduction to Earth Science Lab'],"[{'option': 1, 'groups': [{'group_conjunction': 'AND', 'courses': ['GEOL 12 - Earth Ocean Climate: Introduction to Earth Science', 'GEOL 12L - Earth Ocean Climate: Introduction to Earth Science Lab']}], 'courses': ['GEOL 12 - Earth Ocean Climate: Introduction to Earth Science', 'GEOL 12L - Earth Ocean Climate: Introduction to Earth Science Lab'], 'must_take_together': True}]",,[],1f12106c-2d57-4cab-d066-08dd6d829ad0
2025-2026,Monterey Peninsula College,"California State University, Monterey Bay","Liberal Studies B.A. + Credential,  Integrated Special Education Concentration","{""type"": ""Conjunction"", ""conjunction"": ""And"", ""id"": ""597facb6-9b44-46b8-cbb3-08dd6d829ac2"", ""selectionType"": ""Complete""}",,Course,MATH 100 - Quantitative Literacy,MATH 12 - Number Systems,['MATH 12 - Number Systems'],"[{'option': 1, 'groups': [{'group_conjunction': 'AND', 'courses': ['MATH 12 - Number Systems']}], 'courses': ['MATH 12 - Number Systems'], 'must_take_together': False}]",,[],c02c26df-ffda-4b6b-d068-08dd6d829ad0
2025-2026,Monterey Peninsula College,"California State University, Monterey Bay","Liberal Studies B.A. + Credential,  Integrated Special Education Concentration","{""type"": ""Conjunction"", ""conjunction"": ""And"", ""id"": ""597facb6-9b44-46b8-cbb3-08dd6d829ac2"", ""selectionType"": ""Complete""}",,Course,HDFS 200 - Intro to Child Development,ECED 1 - Child Growth and Development,['ECED 1 - Child Growth and Development'],"[{'option': 1, 'groups': [{'group_conjunction': 'AND', 'courses': ['ECED 1 - Child Growth and Development']}], 'courses': ['ECED 1 - Child Growth and Development'], 'must_take_together': False}]",,[],af128741-1f4d-4b6c-c7bf-08dd86a9c1a6
2025-2026,Monterey Peninsula College,"California State University, Monterey Bay","Liberal Studies B.A. + Credential,  Integrated Special Education Concentration","{""type"": ""Conjunction"", ""conjunction"": ""And"", ""id"": ""597facb6-9b44-46b8-cbb3-08dd6d829ac2"", ""selectionType"": ""Complete""}",,Course,LS 233 - Arts in the School and Community,ARTB 10 - Survey of the Arts,['ARTB 10 - Survey of the Arts'],"[{'option': 1, 'groups': [{'group_conjunction': 'AND', 'courses': ['ARTB 10 - Survey of the Arts']}], 'courses': ['ARTB 10 - Survey of the Arts'], 'must_take_together': False}]",,[],5ac24c6d-584e-4fb3-c7c0-08dd86a9c1a6
2025-2026,Monterey Peninsula College,"California State University, Monterey Bay","Liberal Studies B.A. + Credential,  Integrated Special Education Concentration","{""type"": ""Conjunction"", ""conjunction"": ""And"", ""id"": ""597facb6-9b44-46b8-cbb3-08dd6d829ac2"", ""selectionType"": ""Complete""}",,Series,"PHYS 121, PHYS 121L",PHYS 12 - Integrated Physics and Chemistry,['PHYS 12 - Integrated Physics and Chemistry'],"[{'option': 1, 'groups': [{'group_conjunction': 'AND', 'courses': ['PHYS 12 - Integrated Physics and Chemistry']}], 'courses': ['PHYS 12 - Integrated Physics and Chemistry'], 'must_take_together': False}]",,[],f2ee0737-5134-4de4-d062-08dd6d829ad0
2025-2026,Monterey Peninsula College,"California State University, Monterey Bay","Social Sciences B.A., Native American Studies Concentration","{""type"": ""Conjunction"", ""conjunction"": ""And"", ""id"": ""891e3bc9-9d93-4e82-cbd4-08dd6d829ac2"", ""selectionType"": ""Complete""}",,Course,STAT 100 - Introduction to Statistics,((STAT C1000 - Introduction to Statistics) OR (PSYC 19 - Introduction to Statistics for the Social Sciences)) OR (SOCI 19 - Introduction to Statistics for the Social Sciences),"['STAT C1000 - Introduction to Statistics', 'PSYC 19 - Introduction to Statistics for the Social Sciences', 'SOCI 19 - Introduction to Statistics for the Social Sciences']","[{'option': 1, 'groups': [{'group_conjunction': 'AND', 'courses': ['STAT C1000 - Introduction to Statistics']}], 'courses': ['STAT C1000 - Introduction to Statistics'], 'must_take_together': False}, {'option': 2, 'groups': [{'group_conjunction': 'AND', 'courses': ['PSYC 19 - Introduction to Statistics for the Social Sciences']}], 'courses': ['PSYC 19 - Introduction to Statistics for the Social Sciences'], 'must_take_together': False}, {'option': 3, 'groups': [{'group_conjunction': 'AND', 'courses': ['SOCI 19 - Introduction to Statistics for the Social Sciences']}], 'courses': ['SOCI 19 - Introduction to Statistics for the Social Sciences'], 'must_take_together': False}]",,[],6dfff2ec-7f64-4bed-d193-08dd6d829ad0
2025-2026,Monterey Peninsula College,"California State University, Monterey Bay","Social Sciences B.A., Native American Studies Concentration","{""type"": ""Conjunction"", ""conjunction"": ""And"", ""id"": ""891e3bc9-9d93-4e82-cbd4-08dd6d829ac2"", ""selectionType"": ""Complete""}",,Course,SSCI 249 - Native American Societies,ETNC 20 - Introduction to Native American Studies,['ETNC 20 - Introduction to Native American Studies'],"[{'option': 1, 'groups': [{'group_conjunction': 'AND', 'courses': ['ETNC 20 - Introduction to Native American Studies']}], 'courses': ['ETNC 20 - Introduction to Native American Studies'], 'must_take_together': False}]",,[],75bf7b4b-bb17-4d81-d196-08dd6d829ad0
2025-2026,Monterey Peninsula College,"California State University, Monterey Bay","Biology B.S., Ecology, Evolution and Organismal Biology Concentration","{""type"": ""Conjunction"", ""conjunction"": ""And"", ""id"": ""ab961867-d682-4d21-cbc6-08dd6d829ac2"", ""selectionType"": ""Complete""}",,Course,MATH 150 - Calculus I,MATH 20A - Calculus with Analytic Geometry I,['MATH 20A - Calculus with Analytic Geometry I'],"[{'option': 1, 'groups': [{'group_conjunction': 'AND', 'courses': ['MATH 20A - Calculus with Analytic Geometry I']}], 'courses': ['MATH 20A - Calculus with Analytic Geometry I'], 'must_take_together': False}]",,[],096d8c6b-6af1-4d6a-d10f-08dd6d829ad0
2025-2026,Monterey Peninsula College,"California State University, Monterey Bay","Biology B.S., Ecology, Evolution and Organismal Biology Concentration","{""type"": ""Conjunction"", ""conjunction"": ""And"", ""id"": ""ab961867-d682-4d21-cbc6-08dd6d829ac2"", ""selectionType"": ""Complete""}",,Course,PHYS 220 - Physics I,(PHYS 2A - General Physics I) OR (PHYS 3A - Science and Engineering Physics I),"['PHYS 2A - General Physics I', 'PHYS 3A - Science and Engineering Physics I']","[{'option': 1, 'groups': [{'group_conjunction': 'AND', 'courses': ['PHYS 2A - General Physics I']}], 'courses': ['PHYS 2A - General Physics I'], 'must_take_together': False}, {'option': 2, 'groups': [{'group_conjunction': 'AND', 'courses': ['PHYS 3A - Science and Engineering Physics I']}], 'courses': ['PHYS 3A - Science and Engineering Physics I'], 'must_take_together': False}]",,[],157b6b09-22ef-48c6-bf04-08dd91949282
2025-2026,Monterey Peninsula College,"California State University, Monterey Bay","Biology B.S., Molecular Biology Concentration",,,Course,PHYS 221 - Physics II,(PHYS 2B - General Physics II) OR (PHYS 3B - Science and Engineering Physics II AND PHYS 3C - Science and Engineering Physics III),"['PHYS 2B - General Physics II', 'PHYS 3B - Science and Engineering Physics II AND PHYS 3C - Science and Engineering Physics III']","[{'option': 1, 'groups': [{'group_conjunction': 'AND', 'courses': ['PHYS 2B - General Physics II']}], 'courses': ['PHYS 2B - General Physics II'], 'must_take_together': False}, {'option': 2, 'groups': [{'group_conjunction': 'AND', 'courses': ['PHYS 3B - Science and Engineering Physics II', 'PHYS 3C - Science and Engineering Physics III']}], 'courses': ['PHYS 3B - Science and Engineering Physics II', 'PHYS 3C - Science and Engineering Physics III'], 'must_take_together': True}]",,[],fa8524fa-80d8-473f-d117-08dd6d829ad0
2025-2026,Monterey Peninsula College,"California State University, Monterey Bay","Biology B.S., Ecology, Evolution and Organismal Biology Concentration","{""type"": ""Conjunction"", ""conjunction"": ""And"", ""id"": ""ab961867-d682-4d21-cbc6-08dd6d829ac2"", ""selectionType"": ""Complete""}",,Series,"CHEM 110, CHEM 110L",CHEM 1A - General Chemistry I,['CHEM 1A - General Chemistry I'],"[{'option': 1, 'groups': [{'group_conjunction': 'AND', 'courses': ['CHEM 1A - General Chemistry I']}], 'courses': ['CHEM 1A - General Chemistry I'], 'must_take_together': False}]",,[],42651f8b-6155-4783-d110-08dd6d829ad0
2025-2026,Monterey Peninsula College,"California State University, Monterey Bay","Biology B.S., Ecology, Evolution and Organismal Biology Concentration","{""type"": ""Conjunction"", ""conjunction"": ""And"", ""id"": ""ab961867-d682-4d21-cbc6-08dd6d829ac2"", ""selectionType"": ""Complete""}",,Series,"BIO 211, BIO 211L","BIOL 22 - Concepts in Biology II: Diversity, Ecology, and Evolution","['BIOL 22 - Concepts in Biology II: Diversity, Ecology, and Evolution']","[{'option': 1, 'groups': [{'group_conjunction': 'AND', 'courses': ['BIOL 22 - Concepts in Biology II: Diversity, Ecology, and Evolution']}], 'courses': ['BIOL 22 - Concepts in Biology II: Diversity, Ecology, and Evolution'], 'must_take_together': False}]",,[],99844e3e-9198-466f-d111-08dd6d829ad0
2025-2026,Monterey Peninsula College,"California State University, Monterey Bay","Biology B.S., Ecology, Evolution and Organismal Biology Concentration","{""type"": ""Conjunction"", ""conjunction"": ""And"", ""id"": ""ab961867-d682-4d21-cbc6-08dd6d829ac2"", ""selectionType"": ""Complete""}",,Series,"BIO 210, BIO 210L","BIOL 21 - Concepts in Biology I: Cells, Genetics, and Organisms","['BIOL 21 - Concepts in Biology I: Cells, Genetics, and Organisms']","[{'option': 1, 'groups': [{'group_conjunction': 'AND', 'courses': ['BIOL 21 - Concepts in Biology I: Cells, Genetics, and Organisms']}], 'courses': ['BIOL 21 - Concepts in Biology I: Cells, Genetics, and Organisms'], 'must_take_together': False}]",,[],faf02b6c-5766-4d34-d112-08dd6d829ad0
2025-2026,Monterey Peninsula College,"California State University, Monterey Bay","Biology B.S., Ecology, Evolution and Organismal Biology Concentration","{""type"": ""Conjunction"", ""conjunction"": ""And"", ""id"": ""ab961867-d682-4d21-cbc6-08dd6d829ac2"", ""selectionType"": ""Complete""}",,Series,"CHEM 111, CHEM 111L",CHEM 1B - General Chemistry II,['CHEM 1B - General Chemistry II'],"[{'option': 1, 'groups': [{'group_conjunction': 'AND', 'courses': ['CHEM 1B - General Chemistry II']}], 'courses': ['CHEM 1B - General Chemistry II'], 'must_take_together': False}]",,[],e7125905-5ccc-4328-d113-08dd6d829ad0
2025-2026,Monterey Peninsula College,"California State University, Monterey Bay","Biology B.S., Ecology, Evolution and Organismal Biology Concentration","{""type"": ""Conjunction"", ""conjunction"": ""And"", ""id"": ""ab961867-d682-4d21-cbc6-08dd6d829ac2"", ""selectionType"": ""Complete""}",,Series,"CHEM 211, CHEM 211L",CHEM 12A - Organic Chemistry I,['CHEM 12A - Organic Chemistry I'],"[{'option': 1, 'groups': [{'group_conjunction': 'AND', 'courses': ['CHEM 12A - Organic Chemistry I']}], 'courses': ['CHEM 12A - Organic Chemistry I'], 'must_take_together': False}]",,[],3ed7a376-b4f3-4982-d115-08dd6d829ad0
2025-2026,Monterey Peninsula College,"California State University, Monterey Bay","Biology B.S., Molecular Biology Concentration",,,Series,"CHEM 212, CHEM 212L",CHEM 12B - Organic Chemistry II,['CHEM 12B - Organic Chemistry II'],"[{'option': 1, 'groups': [{'group_conjunction': 'AND', 'courses': ['CHEM 12B - Organic Chemistry II']}], 'courses': ['CHEM 12B - Organic Chemistry II'], 'must_take_together': False}]",,[],e1529fd6-6a30-4fa0-c736-08dd71753ab5
2025-2026,Monterey Peninsula College,"California State University, Monterey Bay","Biology B.S., Molecular Biology Concentration","{""type"": ""Conjunction"", ""conjunction"": ""And"", ""id"": ""c1b52d53-6ad1-4972-cbe0-08dd6d829ac2"", ""selectionType"": ""Complete""}",,Course,PHYS 220 - Physics I,(PHYS 2A - General Physics I) OR (PHYS 3A - Science and Engineering Physics I),"['PHYS 2A - General Physics I', 'PHYS 3A - Science and Engineering Physics I']","[{'option': 1, 'groups': [{'group_conjunction': 'AND', 'courses': ['PHYS 2A - General Physics I']}], 'courses': ['PHYS 2A - General Physics I'], 'must_take_together': False}, {'option': 2, 'groups': [{'group_conjunction': 'AND', 'courses': ['PHYS 3A - Science and Engineering Physics I']}], 'courses': ['PHYS 3A - Science and Engineering Physics I'], 'must_take_together': False}]",,[],a96df748-a0af-4695-bf06-08dd91949282
2025-2026,Monterey Peninsula College,"California State University, Monterey Bay","Biology B.S., Molecular Biology Concentration","{""type"": ""Conjunction"", ""conjunction"": ""And"", ""id"": ""c1b52d53-6ad1-4972-cbe0-08dd6d829ac2"", ""selectionType"": ""Complete""}",,Course,MATH 150 - Calculus I,MATH 20A - Calculus with Analytic Geometry I,['MATH 20A - Calculus with Analytic Geometry I'],"[{'option': 1, 'groups': [{'group_conjunction': 'AND', 'courses': ['MATH 20A - Calculus with Analytic Geometry I']}], 'courses': ['MATH 20A - Calculus with Analytic Geometry I'], 'must_take_together': False}]",,[],2edf7f89-7e03-482c-d1fe-08dd6d829ad0
2025-2026,Monterey Peninsula College,"California State University, Monterey Bay","Biology B.S., Molecular Biology Concentration","{""type"": ""Conjunction"", ""conjunction"": ""And"", ""id"": ""c1b52d53-6ad1-4972-cbe0-08dd6d829ac2"", ""selectionType"": ""Complete""}",,Series,"CHEM 211, CHEM 211L",CHEM 12A - Organic Chemistry I,['CHEM 12A - Organic Chemistry I'],"[{'option': 1, 'groups': [{'group_conjunction': 'AND', 'courses': ['CHEM 12A - Organic Chemistry I']}], 'courses': ['CHEM 12A - Organic Chemistry I'], 'must_take_together': False}]",,[],7b82d85c-7b85-4583-d1fb-08dd6d829ad0
2025-2026,Monterey Peninsula College,"California State University, Monterey Bay","Biology B.S., Molecular Biology Concentration","{""type"": ""Conjunction"", ""conjunction"": ""And"", ""id"": ""c1b52d53-6ad1-4972-cbe0-08dd6d829ac2"", ""selectionType"": ""Complete""}",,Series,"BIO 210, BIO 210L","BIOL 21 - Concepts in Biology I: Cells, Genetics, and Organisms","['BIOL 21 - Concepts in Biology I: Cells, Genetics, and Organisms']","[{'option': 1, 'groups': [{'group_conjunction': 'AND', 'courses': ['BIOL 21 - Concepts in Biology I: Cells, Genetics, and Organisms']}], 'courses': ['BIOL 21 - Concepts in Biology I: Cells, Genetics, and Organisms'], 'must_take_together': False}]",,[],b78ae1ba-e70e-4678-d1fd-08dd6d829ad0
2025-2026,Monterey Peninsula College,"California State University, Monterey Bay","Biology B.S., Molecular Biology Concentration","{""type"": ""Conjunction"", ""conjunction"": ""And"", ""id"": ""c1b52d53-6ad1-4972-cbe0-08dd6d829ac2"", ""selectionType"": ""Complete""}",,Series,"BIO 211, BIO 211L","BIOL 22 - Concepts in Biology II: Diversity, Ecology, and Evolution","['BIOL 22 - Concepts in Biology II: Diversity, Ecology, and Evolution']","[{'option': 1, 'groups': [{'group_conjunction': 'AND', 'courses': ['BIOL 22 - Concepts in Biology II: Diversity, Ecology, and Evolution']}], 'courses': ['BIOL 22 - Concepts in Biology II: Diversity, Ecology, and Evolution'], 'must_take_together': False}]",,[],ea0a290c-9d2f-4211-d1ff-08dd6d829ad0
2025-2026,Monterey Peninsula College,"California State University, Monterey Bay","Biology B.S., Molecular Biology Concentration","{""type"": ""Conjunction"", ""conjunction"": ""And"", ""id"": ""c1b52d53-6ad1-4972-cbe0-08dd6d829ac2"", ""selectionType"": ""Complete""}",,Series,"CHEM 111, CHEM 111L",CHEM 1B - General Chemistry II,['CHEM 1B - General Chemistry II'],"[{'option': 1, 'groups': [{'group_conjunction': 'AND', 'courses': ['CHEM 1B - General Chemistry II']}], 'courses': ['CHEM 1B - General Chemistry II'], 'must_take_together': False}]",,[],b9ebb8af-71de-4c87-d200-08dd6d829ad0
2025-2026,Monterey Peninsula College,"California State University, Monterey Bay","Biology B.S., Molecular Biology Concentration","{""type"": ""Conjunction"", ""conjunction"": ""And"", ""id"": ""c1b52d53-6ad1-4972-cbe0-08dd6d829ac2"", ""selectionType"": ""Complete""}",,Series,"CHEM 110, CHEM 110L",CHEM 1A - General Chemistry I,['CHEM 1A - General Chemistry I'],"[{'option': 1, 'groups': [{'group_conjunction': 'AND', 'courses': ['CHEM 1A - General Chemistry I']}], 'courses': ['CHEM 1A - General Chemistry I'], 'must_take_together': False}]",,[],37d4cc29-6e9c-4f58-d201-08dd6d829ad0
2025-2026,Monterey Peninsula College,"California State University, Monterey Bay","Ethnic and Gender Studies, B.A.","{""type"": ""Conjunction"", ""conjunction"": ""And"", ""id"": ""6bc45ac0-510c-43ea-cbb8-08dd6d829ac2"", ""selectionType"": ""Complete""}",,Course,HCOM 242 - Intro to Women's & Gender Studies,(((GWOS 1 - Introduction to Gender and Women's Studies) OR (SOCI 12 - Introduction to Gender and Sexuality)) OR (ANTH 30 - Gender in Global Perspective)) OR (GWOS 30 - Gender in Global Perspective),"[""GWOS 1 - Introduction to Gender and Women's Studies"", 'SOCI 12 - Introduction to Gender and Sexuality', 'ANTH 30 - Gender in Global Perspective', 'GWOS 30 - Gender in Global Perspective']","[{'option': 1, 'groups': [{'group_conjunction': 'AND', 'courses': [""GWOS 1 - Introduction to Gender and Women's Studies""]}], 'courses': [""GWOS 1 - Introduction to Gender and Women's Studies""], 'must_take_together': False}, {'option': 2, 'groups': [{'group_conjunction': 'AND', 'courses': ['SOCI 12 - Introduction to Gender and Sexuality']}], 'courses': ['SOCI 12 - Introduction to Gender and Sexuality'], 'must_take_together': False}, {'option': 3, 'groups': [{'group_conjunction': 'AND', 'courses': ['ANTH 30 - Gender in Global Perspective']}], 'courses': ['ANTH 30 - Gender in Global Perspective'], 'must_take_together': False}, {'option': 4, 'groups': [{'group_conjunction': 'AND', 'courses': ['GWOS 30 - Gender in Global Perspective']}], 'courses': ['GWOS 30 - Gender in Global Perspective'], 'must_take_together': False}]",,[],dd92c373-7137-453e-d089-08dd6d829ad0
2025-2026,Monterey Peninsula College,"California State University, Monterey Bay","Ethnic and Gender Studies, B.A.","{""type"": ""Conjunction"", ""conjunction"": ""And"", ""id"": ""6bc45ac0-510c-43ea-cbb8-08dd6d829ac2"", ""selectionType"": ""Complete""}",,Course,HCOM 243 - Introduction to Ethnic Studies,No articulation (No Course Articulated),[],[],No Course Articulated,[],2317fb21-0710-42c9-d08a-08dd6d829ad0
2025-2026,Monterey Peninsula College,"California State University, Monterey Bay","Ethnic and Gender Studies, B.A.",,,Course,HCOM 246 - Intro to Mexican American Studies,No articulation (No Course Articulated),[],[],No Course Articulated,[],399417c3-faf3-4117-86c9-08de00ff42ca
2025-2026,Monterey Peninsula College,"California State University, Monterey Bay","Computer Science B.S., Software Engineering Concentration","{""type"": ""Conjunction"", ""conjunction"": ""And"", ""id"": ""297f90c6-302a-44b9-cbbc-08dd6d829ac2"", ""selectionType"": ""Complete""}",,Course,MATH 151 - Calculus II,MATH 20B - Calculus with Analytic Geometry II,['MATH 20B - Calculus with Analytic Geometry II'],"[{'option': 1, 'groups': [{'group_conjunction': 'AND', 'courses': ['MATH 20B - Calculus with Analytic Geometry II']}], 'courses': ['MATH 20B - Calculus with Analytic Geometry II'], 'must_take_together': False}]",,[],aaf1ca60-97d5-498c-d0ac-08dd6d829ad0
2025-2026,Monterey Peninsula College,"California State University, Monterey Bay","Computer Science B.S., Software Engineering Concentration","{""type"": ""Conjunction"", ""conjunction"": ""And"", ""id"": ""297f90c6-302a-44b9-cbbc-08dd6d829ac2"", ""selectionType"": ""Complete""}",,Course,MATH 150 - Calculus I,MATH 20A - Calculus with Analytic Geometry I,['MATH 20A - Calculus with Analytic Geometry I'],"[{'option': 1, 'groups': [{'group_conjunction': 'AND', 'courses': ['MATH 20A - Calculus with Analytic Geometry I']}], 'courses': ['MATH 20A - Calculus with Analytic Geometry I'], 'must_take_together': False}]",,[],0924d000-a025-45ec-d0ae-08dd6d829ad0
2025-2026,Monterey Peninsula College,"California State University, Monterey Bay","Computer Science B.S., Software Engineering Concentration","{""type"": ""Conjunction"", ""conjunction"": ""And"", ""id"": ""297f90c6-302a-44b9-cbbc-08dd6d829ac2"", ""selectionType"": ""Complete""}",,Course,CST 231 - Problem Solving and Programming,((CSCI 10A - Programming Methods I: JAVA) OR (CSCI 10C - Programming Methods 1.5 - C and C++)) OR (CSCI 9 - Programming Fundamentals: Python),"['CSCI 10A - Programming Methods I: JAVA', 'CSCI 10C - Programming Methods 1.5 - C and C++', 'CSCI 9 - Programming Fundamentals: Python']","[{'option': 1, 'groups': [{'group_conjunction': 'AND', 'courses': ['CSCI 10A - Programming Methods I: JAVA']}], 'courses': ['CSCI 10A - Programming Methods I: JAVA'], 'must_take_together': False}, {'option': 2, 'groups': [{'group_conjunction': 'AND', 'courses': ['CSCI 10C - Programming Methods 1.5 - C and C++']}], 'courses': ['CSCI 10C - Programming Methods 1.5 - C and C++'], 'must_take_together': False}, {'option': 3, 'groups': [{'group_conjunction': 'AND', 'courses': ['CSCI 9 - Programming Fundamentals: Python']}], 'courses': ['CSCI 9 - Programming Fundamentals: Python'], 'must_take_together': False}]",,[],f8909ad4-1074-449c-d0af-08dd6d829ad0
2025-2026,Monterey Peninsula College,"California State University, Monterey Bay","Computer Science B.S., Software Engineering Concentration","{""type"": ""Conjunction"", ""conjunction"": ""And"", ""id"": ""297f90c6-302a-44b9-cbbc-08dd6d829ac2"", ""selectionType"": ""Complete""}",,Course,CST 238 - Introduction to Data Structure,CSCI 10B - Programming Methods II: JAVA,['CSCI 10B - Programming Methods II: JAVA'],"[{'option': 1, 'groups': [{'group_conjunction': 'AND', 'courses': ['CSCI 10B - Programming Methods II: JAVA']}], 'courses': ['CSCI 10B - Programming Methods II: JAVA'], 'must_take_together': False}]",,[],76177a66-8815-4477-d0b0-08dd6d829ad0
2025-2026,Monterey Peninsula College,"California State University, Monterey Bay","Computer Science B.S., Software Engineering Concentration","{""type"": ""Conjunction"", ""conjunction"": ""And"", ""id"": ""297f90c6-302a-44b9-cbbc-08dd6d829ac2"", ""selectionType"": ""Complete""}",,Course,CST 237 - Introduction to Computer Architecture,CSCI 11 - Computer Architectures and Organization,['CSCI 11 - Computer Architectures and Organization'],"[{'option': 1, 'groups': [{'group_conjunction': 'AND', 'courses': ['CSCI 11 - Computer Architectures and Organization']}], 'courses': ['CSCI 11 - Computer Architectures and Organization'], 'must_take_together': False}]",,[],8e3fd9ec-ff82-498f-d0b1-08dd6d829ad0
2025-2026,Monterey Peninsula College,"California State University, Monterey Bay","Computer Science B.S., Software Engineering Concentration","{""type"": ""Conjunction"", ""conjunction"": ""And"", ""id"": ""297f90c6-302a-44b9-cbbc-08dd6d829ac2"", ""selectionType"": ""Complete""}",,Course,MATH 170 - Discrete Mathematics,(MATH 40 - Discrete Mathematics) OR (CSCI 12 - Discrete Structures),"['MATH 40 - Discrete Mathematics', 'CSCI 12 - Discrete Structures']","[{'option': 1, 'groups': [{'group_conjunction': 'AND', 'courses': ['MATH 40 - Discrete Mathematics']}], 'courses': ['MATH 40 - Discrete Mathematics'], 'must_take_together': False}, {'option': 2, 'groups': [{'group_conjunction': 'AND', 'courses': ['CSCI 12 - Discrete Structures']}], 'courses': ['CSCI 12 - Discrete Structures'], 'must_take_together': False}]",,[],ad191f5a-b441-4415-d0b2-08dd6d829ad0
2025-2026,Monterey Peninsula College,"California State University, Monterey Bay","Agricultural Plant and Soil Sciences, B.S.","{""type"": ""Conjunction"", ""conjunction"": ""And"", ""id"": ""a3bb7865-5fba-4bf6-cbc7-08dd6d829ac2"", ""selectionType"": ""Complete""}",,Course,AGPS 216 - Plant Propagation & Production,HORT 63 - Plant Propagation,['HORT 63 - Plant Propagation'],"[{'option': 1, 'groups': [{'group_conjunction': 'AND', 'courses': ['HORT 63 - Plant Propagation']}], 'courses': ['HORT 63 - Plant Propagation'], 'must_take_together': False}]",,[],2db0944b-aec9-40aa-d118-08dd6d829ad0
2025-2026,Monterey Peninsula College,"California State University, Monterey Bay","Agricultural Plant and Soil Sciences, B.S.","{""type"": ""Conjunction"", ""conjunction"": ""And"", ""id"": ""a3bb7865-5fba-4bf6-cbc7-08dd6d829ac2"", ""selectionType"": ""Complete""}",,Course,AGPS 182 - Plant Materials & Usage- Fall,"HORT 62 - Plant Identification: Trees, Annuals, and Perennials","['HORT 62 - Plant Identification: Trees, Annuals, and Perennials']","[{'option': 1, 'groups': [{'group_conjunction': 'AND', 'courses': ['HORT 62 - Plant Identification: Trees, Annuals, and Perennials']}], 'courses': ['HORT 62 - Plant Identification: Trees, Annuals, and Perennials'], 'must_take_together': False}]",,[],e2ed9acd-cc3d-4182-d11a-08dd6d829ad0
2025-2026,Monterey Peninsula College,"California State University, Monterey Bay","Agricultural Plant and Soil Sciences, B.S.","{""type"": ""Conjunction"", ""conjunction"": ""And"", ""id"": ""a3bb7865-5fba-4bf6-cbc7-08dd6d829ac2"", ""selectionType"": ""Complete""}",,Course,AGPS 181 - Plant Materials & Usage- Spring,"HORT 61 - Plant Identification: Shrubs, Vines, and Ground Covers","['HORT 61 - Plant Identification: Shrubs, Vines, and Ground Covers']","[{'option': 1, 'groups': [{'group_conjunction': 'AND', 'courses': ['HORT 61 - Plant Identification: Shrubs, Vines, and Ground Covers']}], 'courses': ['HORT 61 - Plant Identification: Shrubs, Vines, and Ground Covers'], 'must_take_together': False}]",,[],241678f3-d8b7-4959-d11b-08dd6d829ad0
2025-2026,Monterey Peninsula College,"California State University, Monterey Bay","Agricultural Plant and Soil Sciences, B.S.","{""type"": ""Conjunction"", ""conjunction"": ""And"", ""id"": ""a3bb7865-5fba-4bf6-cbc7-08dd6d829ac2"", ""selectionType"": ""Complete""}",,Course,BUS 202 - Micro Economics,ECON 4 - Principles of Economics: Micro,['ECON 4 - Principles of Economics: Micro'],"[{'option': 1, 'groups': [{'group_conjunction': 'AND', 'courses': ['ECON 4 - Principles of Economics: Micro']}], 'courses': ['ECON 4 - Principles of Economics: Micro'], 'must_take_together': False}]",,[],8ba095a8-9352-4d64-d11f-08dd6d829ad0
2025-2026,Monterey Peninsula College,"California State University, Monterey Bay","Agricultural Plant and Soil Sciences, B.S.","{""type"": ""Conjunction"", ""conjunction"": ""And"", ""id"": ""a3bb7865-5fba-4bf6-cbc7-08dd6d829ac2"", ""selectionType"": ""Complete""}",,Course,STAT 100 - Introduction to Statistics,((STAT C1000 - Introduction to Statistics) OR (PSYC 19 - Introduction to Statistics for the Social Sciences)) OR (SOCI 19 - Introduction to Statistics for the Social Sciences),"['STAT C1000 - Introduction to Statistics', 'PSYC 19 - Introduction to Statistics for the Social Sciences', 'SOCI 19 - Introduction to Statistics for the Social Sciences']","[{'option': 1, 'groups': [{'group_conjunction': 'AND', 'courses': ['STAT C1000 - Introduction to Statistics']}], 'courses': ['STAT C1000 - Introduction to Statistics'], 'must_take_together': False}, {'option': 2, 'groups': [{'group_conjunction': 'AND', 'courses': ['PSYC 19 - Introduction to Statistics for the Social Sciences']}], 'courses': ['PSYC 19 - Introduction to Statistics for the Social Sciences'], 'must_take_together': False}, {'option': 3, 'groups': [{'group_conjunction': 'AND', 'courses': ['SOCI 19 - Introduction to Statistics for the Social Sciences']}], 'courses': ['SOCI 19 - Introduction to Statistics for the Social Sciences'], 'must_take_together': False}]",,[],e552e006-0ff7-423e-d120-08dd6d829ad0
2025-2026,Monterey Peninsula College,"California State University, Monterey Bay","Agricultural Plant and Soil Sciences, B.S.","{""type"": ""Conjunction"", ""conjunction"": ""And"", ""id"": ""a3bb7865-5fba-4bf6-cbc7-08dd6d829ac2"", ""selectionType"": ""Complete""}",,Course,AGPS 128 - Intro to Soil Science,HORT 53 - Soil Science and Management,['HORT 53 - Soil Science and Management'],"[{'option': 1, 'groups': [{'group_conjunction': 'AND', 'courses': ['HORT 53 - Soil Science and Management']}], 'courses': ['HORT 53 - Soil Science and Management'], 'must_take_together': False}]",,[],46a2f59f-ea1b-4cf4-d121-08dd6d829ad0
2025-2026,Monterey Peninsula College,"California State University, Monterey Bay","Agricultural Plant and Soil Sciences, B.S.","{""type"": ""Conjunction"", ""conjunction"": ""And"", ""id"": ""a3bb7865-5fba-4bf6-cbc7-08dd6d829ac2"", ""selectionType"": ""Complete""}",,Course,CHEM 109 - Introductory Chemistry,(CHEM 2 - Fundamental Chemistry) OR (CHEM 10 - Everyday Chemistry),"['CHEM 2 - Fundamental Chemistry', 'CHEM 10 - Everyday Chemistry']","[{'option': 1, 'groups': [{'group_conjunction': 'AND', 'courses': ['CHEM 2 - Fundamental Chemistry']}], 'courses': ['CHEM 2 - Fundamental Chemistry'], 'must_take_together': False}, {'option': 2, 'groups': [{'group_conjunction': 'AND', 'courses': ['CHEM 10 - Everyday Chemistry']}], 'courses': ['CHEM 10 - Everyday Chemistry'], 'must_take_together': False}]",,[],a4ee863a-b61f-4628-d12d-08dd6d829ad0
2025-2026,Monterey Peninsula College,"California State University, Monterey Bay","Agricultural Plant and Soil Sciences, B.S.","{""type"": ""Conjunction"", ""conjunction"": ""And"", ""id"": ""a3bb7865-5fba-4bf6-cbc7-08dd6d829ac2"", ""selectionType"": ""Complete""}",,Series,"CHEM 211, CHEM 211L",CHEM 12A - Organic Chemistry I,['CHEM 12A - Organic Chemistry I'],"[{'option': 1, 'groups': [{'group_conjunction': 'AND', 'courses': ['CHEM 12A - Organic Chemistry I']}], 'courses': ['CHEM 12A - Organic Chemistry I'], 'must_take_together': False}]",,[],0e3a1192-add4-4fda-d119-08dd6d829ad0
2025-2026,Monterey Peninsula College,"California State University, Monterey Bay","Agricultural Plant and Soil Sciences, B.S.","{""type"": ""Conjunction"", ""conjunction"": ""And"", ""id"": ""a3bb7865-5fba-4bf6-cbc7-08dd6d829ac2"", ""selectionType"": ""Complete""}",,Series,"CHEM 110, CHEM 110L",CHEM 1A - General Chemistry I,['CHEM 1A - General Chemistry I'],"[{'option': 1, 'groups': [{'group_conjunction': 'AND', 'courses': ['CHEM 1A - General Chemistry I']}], 'courses': ['CHEM 1A - General Chemistry I'], 'must_take_together': False}]",,[],28862560-0bf7-4c75-d124-08dd6d829ad0
2025-2026,Monterey Peninsula College,"California State University, Monterey Bay","Agricultural Plant and Soil Sciences, B.S.","{""type"": ""Conjunction"", ""conjunction"": ""And"", ""id"": ""a3bb7865-5fba-4bf6-cbc7-08dd6d829ac2"", ""selectionType"": ""Complete""}",,Series,"CHEM 111, CHEM 111L",CHEM 1B - General Chemistry II,['CHEM 1B - General Chemistry II'],"[{'option': 1, 'groups': [{'group_conjunction': 'AND', 'courses': ['CHEM 1B - General Chemistry II']}], 'courses': ['CHEM 1B - General Chemistry II'], 'must_take_together': False}]",,[],c2b63ca4-2e08-484e-d128-08dd6d829ad0
2025-2026,Monterey Peninsula College,"California State University, Monterey Bay","Agricultural Plant and Soil Sciences, B.S.","{""type"": ""Conjunction"", ""conjunction"": ""And"", ""id"": ""a3bb7865-5fba-4bf6-cbc7-08dd6d829ac2"", ""selectionType"": ""Complete""}",,Series,"BIO 211, BIO 211L","BIOL 22 - Concepts in Biology II: Diversity, Ecology, and Evolution","['BIOL 22 - Concepts in Biology II: Diversity, Ecology, and Evolution']","[{'option': 1, 'groups': [{'group_conjunction': 'AND', 'courses': ['BIOL 22 - Concepts in Biology II: Diversity, Ecology, and Evolution']}], 'courses': ['BIOL 22 - Concepts in Biology II: Diversity, Ecology, and Evolution'], 'must_take_together': False}]",,[],8f26f01c-be2d-4301-2fca-08dde9df8815
2025-2026,Monterey Peninsula College,"California State University, Monterey Bay",Marine Science B.S.,"{""type"": ""Conjunction"", ""conjunction"": ""And"", ""id"": ""21b8ea6c-e097-4596-cbd1-08dd6d829ac2"", ""selectionType"": ""Complete""}",,Course,MSCI 270 - Intro to Oceanography,OCEN 2 - Introductory Oceanography,['OCEN 2 - Introductory Oceanography'],"[{'option': 1, 'groups': [{'group_conjunction': 'AND', 'courses': ['OCEN 2 - Introductory Oceanography']}], 'courses': ['OCEN 2 - Introductory Oceanography'], 'must_take_together': False}]",,[],c6543cf9-dd58-443b-d170-08dd6d829ad0
2025-2026,Monterey Peninsula College,"California State University, Monterey Bay",Marine Science B.S.,"{""type"": ""Conjunction"", ""conjunction"": ""And"", ""id"": ""21b8ea6c-e097-4596-cbd1-08dd6d829ac2"", ""selectionType"": ""Complete""}",,Course,MATH 150 - Calculus I,MATH 20A - Calculus with Analytic Geometry I,['MATH 20A - Calculus with Analytic Geometry I'],"[{'option': 1, 'groups': [{'group_conjunction': 'AND', 'courses': ['MATH 20A - Calculus with Analytic Geometry I']}], 'courses': ['MATH 20A - Calculus with Analytic Geometry I'], 'must_take_together': False}]",,[],6302ef74-feca-423d-d172-08dd6d829ad0
2025-2026,Monterey Peninsula College,"California State University, Monterey Bay",Marine Science B.S.,"{""type"": ""Conjunction"", ""conjunction"": ""And"", ""id"": ""21b8ea6c-e097-4596-cbd1-08dd6d829ac2"", ""selectionType"": ""Complete""}",,Course,PHYS 220 - Physics I,(PHYS 2A - General Physics I) OR (PHYS 3A - Science and Engineering Physics I),"['PHYS 2A - General Physics I', 'PHYS 3A - Science and Engineering Physics I']","[{'option': 1, 'groups': [{'group_conjunction': 'AND', 'courses': ['PHYS 2A - General Physics I']}], 'courses': ['PHYS 2A - General Physics I'], 'must_take_together': False}, {'option': 2, 'groups': [{'group_conjunction': 'AND', 'courses': ['PHYS 3A - Science and Engineering Physics I']}], 'courses': ['PHYS 3A - Science and Engineering Physics I'], 'must_take_together': False}]",,[],8aa71ba9-bd0a-411c-d176-08dd6d829ad0
2025-2026,Monterey Peninsula College,"California State University, Monterey Bay",Marine Science B.S.,"{""type"": ""Conjunction"", ""conjunction"": ""And"", ""id"": ""21b8ea6c-e097-4596-cbd1-08dd6d829ac2"", ""selectionType"": ""Complete""}",,Course,BUS 202 - Micro Economics,ECON 4 - Principles of Economics: Micro,['ECON 4 - Principles of Economics: Micro'],"[{'option': 1, 'groups': [{'group_conjunction': 'AND', 'courses': ['ECON 4 - Principles of Economics: Micro']}], 'courses': ['ECON 4 - Principles of Economics: Micro'], 'must_take_together': False}]",,[],c7f59c28-952d-42a2-d177-08dd6d829ad0
2025-2026,Monterey Peninsula College,"California State University, Monterey Bay",Marine Science B.S.,"{""type"": ""Conjunction"", ""conjunction"": ""And"", ""id"": ""21b8ea6c-e097-4596-cbd1-08dd6d829ac2"", ""selectionType"": ""Complete""}",,Course,ENSTU 280 - Environmental Economics & Policy,ECON 4 - Principles of Economics: Micro,['ECON 4 - Principles of Economics: Micro'],"[{'option': 1, 'groups': [{'group_conjunction': 'AND', 'courses': ['ECON 4 - Principles of Economics: Micro']}], 'courses': ['ECON 4 - Principles of Economics: Micro'], 'must_take_together': False}]",,[],8b77dfda-f87d-4cff-d178-08dd6d829ad0
2025-2026,Monterey Peninsula College,"California State University, Monterey Bay",Marine Science B.S.,"{""type"": ""Conjunction"", ""conjunction"": ""And"", ""id"": ""21b8ea6c-e097-4596-cbd1-08dd6d829ac2"", ""selectionType"": ""Complete""}",,Course,BUS 201 - Macro Economics,ECON 2 - Principles of Economics: Macro,['ECON 2 - Principles of Economics: Macro'],"[{'option': 1, 'groups': [{'group_conjunction': 'AND', 'courses': ['ECON 2 - Principles of Economics: Macro']}], 'courses': ['ECON 2 - Principles of Economics: Macro'], 'must_take_together': False}]",,[],ecd68f06-252a-4a52-d179-08dd6d829ad0
2025-2026,Monterey Peninsula College,"California State University, Monterey Bay",Marine Science B.S.,,,Course,MATH 151 - Calculus II,MATH 20B - Calculus with Analytic Geometry II,['MATH 20B - Calculus with Analytic Geometry II'],"[{'option': 1, 'groups': [{'group_conjunction': 'AND', 'courses': ['MATH 20B - Calculus with Analytic Geometry II']}], 'courses': ['MATH 20B - Calculus with Analytic Geometry II'], 'must_take_together': False}]",,[],f50abc89-67b0-42cc-d17b-08dd6d829ad0
2025-2026,Monterey Peninsula College,"California State University, Monterey Bay",Marine Science B.S.,,,Course,PHYS 221 - Physics II,(PHYS 2B - General Physics II) OR (PHYS 3B - Science and Engineering Physics II AND PHYS 3C - Science and Engineering Physics III),"['PHYS 2B - General Physics II', 'PHYS 3B - Science and Engineering Physics II AND PHYS 3C - Science and Engineering Physics III']","[{'option': 1, 'groups': [{'group_conjunction': 'AND', 'courses': ['PHYS 2B - General Physics II']}], 'courses': ['PHYS 2B - General Physics II'], 'must_take_together': False}, {'option': 2, 'groups': [{'group_conjunction': 'AND', 'courses': ['PHYS 3B - Science and Engineering Physics II', 'PHYS 3C - Science and Engineering Physics III']}], 'courses': ['PHYS 3B - Science and Engineering Physics II', 'PHYS 3C - Science and Engineering Physics III'], 'must_take_together': True}]",,[],36e7ee02-55fe-4c5e-d17c-08dd6d829ad0
2025-2026,Monterey Peninsula College,"California State University, Monterey Bay",Marine Science B.S.,"{""type"": ""Conjunction"", ""conjunction"": ""And"", ""id"": ""21b8ea6c-e097-4596-cbd1-08dd6d829ac2"", ""selectionType"": ""Complete""}",,Series,"CHEM 111, CHEM 111L",CHEM 1B - General Chemistry II,['CHEM 1B - General Chemistry II'],"[{'option': 1, 'groups': [{'group_conjunction': 'AND', 'courses': ['CHEM 1B - General Chemistry II']}], 'courses': ['CHEM 1B - General Chemistry II'], 'must_take_together': False}]",,[],db38ce1c-13fc-4793-d171-08dd6d829ad0
2025-2026,Monterey Peninsula College,"California State University, Monterey Bay",Marine Science B.S.,"{""type"": ""Conjunction"", ""conjunction"": ""And"", ""id"": ""21b8ea6c-e097-4596-cbd1-08dd6d829ac2"", ""selectionType"": ""Complete""}",,Series,"BIO 211, BIO 211L","BIOL 22 - Concepts in Biology II: Diversity, Ecology, and Evolution","['BIOL 22 - Concepts in Biology II: Diversity, Ecology, and Evolution']","[{'option': 1, 'groups': [{'group_conjunction': 'AND', 'courses': ['BIOL 22 - Concepts in Biology II: Diversity, Ecology, and Evolution']}], 'courses': ['BIOL 22 - Concepts in Biology II: Diversity, Ecology, and Evolution'], 'must_take_together': False}]",,[],96db9d42-b17a-458f-d173-08dd6d829ad0
2025-2026,Monterey Peninsula College,"California State University, Monterey Bay",Marine Science B.S.,"{""type"": ""Conjunction"", ""conjunction"": ""And"", ""id"": ""21b8ea6c-e097-4596-cbd1-08dd6d829ac2"", ""selectionType"": ""Complete""}",,Series,"CHEM 110, CHEM 110L",CHEM 1A - General Chemistry I,['CHEM 1A - General Chemistry I'],"[{'option': 1, 'groups': [{'group_conjunction': 'AND', 'courses': ['CHEM 1A - General Chemistry I']}], 'courses': ['CHEM 1A - General Chemistry I'], 'must_take_together': False}]",,[],3d8fdb3e-7275-45b4-d174-08dd6d829ad0
2025-2026,Monterey Peninsula College,"California State University, Monterey Bay",Marine Science B.S.,"{""type"": ""Conjunction"", ""conjunction"": ""And"", ""id"": ""21b8ea6c-e097-4596-cbd1-08dd6d829ac2"", ""selectionType"": ""Complete""}",,Series,"BIO 210, BIO 210L","BIOL 21 - Concepts in Biology I: Cells, Genetics, and Organisms","['BIOL 21 - Concepts in Biology I: Cells, Genetics, and Organisms']","[{'option': 1, 'groups': [{'group_conjunction': 'AND', 'courses': ['BIOL 21 - Concepts in Biology I: Cells, Genetics, and Organisms']}], 'courses': ['BIOL 21 - Concepts in Biology I: Cells, Genetics, and Organisms'], 'must_take_together': False}]",,[],cb947392-911b-4c97-d175-08dd6d829ad0
2025-2026,Monterey Peninsula College,"California State University, Monterey Bay","Kinesiology B.S., Wellness Concentration","{""type"": ""Conjunction"", ""conjunction"": ""And"", ""id"": ""f44c130a-f80c-4ca9-cbc1-08dd6d829ac2"", ""selectionType"": ""Complete""}",,Course,STAT 100 - Introduction to Statistics,((STAT C1000 - Introduction to Statistics) OR (PSYC 19 - Introduction to Statistics for the Social Sciences)) OR (SOCI 19 - Introduction to Statistics for the Social Sciences),"['STAT C1000 - Introduction to Statistics', 'PSYC 19 - Introduction to Statistics for the Social Sciences', 'SOCI 19 - Introduction to Statistics for the Social Sciences']","[{'option': 1, 'groups': [{'group_conjunction': 'AND', 'courses': ['STAT C1000 - Introduction to Statistics']}], 'courses': ['STAT C1000 - Introduction to Statistics'], 'must_take_together': False}, {'option': 2, 'groups': [{'group_conjunction': 'AND', 'courses': ['PSYC 19 - Introduction to Statistics for the Social Sciences']}], 'courses': ['PSYC 19 - Introduction to Statistics for the Social Sciences'], 'must_take_together': False}, {'option': 3, 'groups': [{'group_conjunction': 'AND', 'courses': ['SOCI 19 - Introduction to Statistics for the Social Sciences']}], 'courses': ['SOCI 19 - Introduction to Statistics for the Social Sciences'], 'must_take_together': False}]",,[],63ae7c9a-b1ce-45d8-d0dd-08dd6d829ad0
2025-2026,Monterey Peninsula College,"California State University, Monterey Bay","Kinesiology B.S., Wellness Concentration","{""type"": ""Conjunction"", ""conjunction"": ""And"", ""id"": ""f44c130a-f80c-4ca9-cbc1-08dd6d829ac2"", ""selectionType"": ""Complete""}",,Requirement,Anatomy & Physiology,ANAT 1 - Human Anatomy with Cadaver Lab AND PHSO 1 - Human Physiology AND PHSO 2 - Human Physiology Laboratory,['ANAT 1 - Human Anatomy with Cadaver Lab AND PHSO 1 - Human Physiology AND PHSO 2 - Human Physiology Laboratory'],"[{'option': 1, 'groups': [{'group_conjunction': 'AND', 'courses': ['ANAT 1 - Human Anatomy with Cadaver Lab', 'PHSO 1 - Human Physiology', 'PHSO 2 - Human Physiology Laboratory']}], 'courses': ['ANAT 1 - Human Anatomy with Cadaver Lab', 'PHSO 1 - Human Physiology', 'PHSO 2 - Human Physiology Laboratory'], 'must_take_together': True}]",,[],c2feee74-a61b-43c7-cf3c-08ddf08220df
2025-2026,Monterey Peninsula College,"California State University, Monterey Bay","Music, B.A., Music Technology Concentration","{""type"": ""Conjunction"", ""conjunction"": ""And"", ""id"": ""691d3ea8-051b-4fa3-d751-08ddedcf3ee2"", ""selectionType"": ""Complete""}",,Course,MPA 110 - Keyboard I,MUSI 50A - Piano I,['MUSI 50A - Piano I'],"[{'option': 1, 'groups': [{'group_conjunction': 'AND', 'courses': ['MUSI 50A - Piano I']}], 'courses': ['MUSI 50A - Piano I'], 'must_take_together': False}]",,[],a109164a-3f06-4cdd-6881-08ddedcf49dc
2025-2026,Monterey Peninsula College,"California State University, Monterey Bay","Music, B.A., Music Technology Concentration","{""type"": ""Conjunction"", ""conjunction"": ""And"", ""id"": ""691d3ea8-051b-4fa3-d751-08ddedcf3ee2"", ""selectionType"": ""Complete""}",,Course,MPA 210 - Keyboard II,MUSI 50B - Piano II,['MUSI 50B - Piano II'],"[{'option': 1, 'groups': [{'group_conjunction': 'AND', 'courses': ['MUSI 50B - Piano II']}], 'courses': ['MUSI 50B - Piano II'], 'must_take_together': False}]",,[],f9ab196b-8d8b-446d-6882-08ddedcf49dc
2025-2026,Monterey Peninsula College,"California State University, Monterey Bay","Music, B.A., Music Technology Concentration","{""type"": ""Conjunction"", ""conjunction"": ""And"", ""id"": ""691d3ea8-051b-4fa3-d751-08ddedcf3ee2"", ""selectionType"": ""Complete""}",,Series,"MPA 100, MPA 104",MUSI 10A - Music Theory and Musicianship I,['MUSI 10A - Music Theory and Musicianship I'],"[{'option': 1, 'groups': [{'group_conjunction': 'AND', 'courses': ['MUSI 10A - Music Theory and Musicianship I']}], 'courses': ['MUSI 10A - Music Theory and Musicianship I'], 'must_take_together': False}]",,[],1bb23ff9-a767-4e00-688e-08ddedcf49dc
2025-2026,Monterey Peninsula College,"California State University, Monterey Bay","Music, B.A., Music Technology Concentration","{""type"": ""Conjunction"", ""conjunction"": ""And"", ""id"": ""691d3ea8-051b-4fa3-d751-08ddedcf3ee2"", ""selectionType"": ""Complete""}",,Series,"MPA 101, MPA 105",MUSI 10B - Music Theory and Musicianship II,['MUSI 10B - Music Theory and Musicianship II'],"[{'option': 1, 'groups': [{'group_conjunction': 'AND', 'courses': ['MUSI 10B - Music Theory and Musicianship II']}], 'courses': ['MUSI 10B - Music Theory and Musicianship II'], 'must_take_together': False}]",,[],028d6272-a0ec-4822-688f-08ddedcf49dc
2025-2026,Monterey Peninsula College,"California State University, Monterey Bay","Music, B.A., Music Technology Concentration","{""type"": ""Conjunction"", ""conjunction"": ""And"", ""id"": ""691d3ea8-051b-4fa3-d751-08ddedcf3ee2"", ""selectionType"": ""Complete""}",,Series,"MPA 102, MPA 106",MUSI 10C - Music Theory and Musicianship III,['MUSI 10C - Music Theory and Musicianship III'],"[{'option': 1, 'groups': [{'group_conjunction': 'AND', 'courses': ['MUSI 10C - Music Theory and Musicianship III']}], 'courses': ['MUSI 10C - Music Theory and Musicianship III'], 'must_take_together': False}]",,[],bd16cc84-9443-4e5c-6890-08ddedcf49dc
2025-2026,Monterey Peninsula College,"California State University, Monterey Bay","Music, B.A., Music Technology Concentration","{""type"": ""Conjunction"", ""conjunction"": ""And"", ""id"": ""691d3ea8-051b-4fa3-d751-08ddedcf3ee2"", ""selectionType"": ""Complete""}",,Series,"MPA 103, MPA 107",MUSI 10D - Music Theory and Musicianship IV,['MUSI 10D - Music Theory and Musicianship IV'],"[{'option': 1, 'groups': [{'group_conjunction': 'AND', 'courses': ['MUSI 10D - Music Theory and Musicianship IV']}], 'courses': ['MUSI 10D - Music Theory and Musicianship IV'], 'must_take_together': False}]",,[],0d50164b-ffb1-46e6-6891-08ddedcf49dc
2025-2026,Monterey Peninsula College,"California State University, Monterey Bay","Environmental Science, Technology & Policy B.S., Watershed Systems Concentration","{""type"": ""Conjunction"", ""conjunction"": ""And"", ""id"": ""9d41a3ed-e4a8-466c-cbc5-08dd6d829ac2"", ""selectionType"": ""Complete""}",,Course,PHYS 220 - Physics I,(PHYS 2A - General Physics I) OR (PHYS 3A - Science and Engineering Physics I),"['PHYS 2A - General Physics I', 'PHYS 3A - Science and Engineering Physics I']","[{'option': 1, 'groups': [{'group_conjunction': 'AND', 'courses': ['PHYS 2A - General Physics I']}], 'courses': ['PHYS 2A - General Physics I'], 'must_take_together': False}, {'option': 2, 'groups': [{'group_conjunction': 'AND', 'courses': ['PHYS 3A - Science and Engineering Physics I']}], 'courses': ['PHYS 3A - Science and Engineering Physics I'], 'must_take_together': False}]",,[],3d943c04-fb08-4edf-d0ff-08dd6d829ad0
2025-2026,Monterey Peninsula College,"California State University, Monterey Bay","Environmental Science, Technology & Policy B.S., Watershed Systems Concentration","{""type"": ""Conjunction"", ""conjunction"": ""And"", ""id"": ""9d41a3ed-e4a8-466c-cbc5-08dd6d829ac2"", ""selectionType"": ""Complete""}",,Course,GEOL 260 - Geology/Hydrology,GEOL 2 - Physical Geology AND GEOL 2L - Physical Geology Laboratory,['GEOL 2 - Physical Geology AND GEOL 2L - Physical Geology Laboratory'],"[{'option': 1, 'groups': [{'group_conjunction': 'AND', 'courses': ['GEOL 2 - Physical Geology', 'GEOL 2L - Physical Geology Laboratory']}], 'courses': ['GEOL 2 - Physical Geology', 'GEOL 2L - Physical Geology Laboratory'], 'must_take_together': True}]",,[],12731e03-de1d-46db-d100-08dd6d829ad0
2025-2026,Monterey Peninsula College,"California State University, Monterey Bay","Environmental Science, Technology & Policy B.S., Watershed Systems Concentration","{""type"": ""Conjunction"", ""conjunction"": ""And"", ""id"": ""9d41a3ed-e4a8-466c-cbc5-08dd6d829ac2"", ""selectionType"": ""Complete""}",,Course,MATH 150 - Calculus I,MATH 20A - Calculus with Analytic Geometry I,['MATH 20A - Calculus with Analytic Geometry I'],"[{'option': 1, 'groups': [{'group_conjunction': 'AND', 'courses': ['MATH 20A - Calculus with Analytic Geometry I']}], 'courses': ['MATH 20A - Calculus with Analytic Geometry I'], 'must_take_together': False}]",,[],d0c5087c-363b-40af-d102-08dd6d829ad0
2025-2026,Monterey Peninsula College,"California State University, Monterey Bay","Environmental Science, Technology & Policy B.S., Watershed Systems Concentration","{""type"": ""Conjunction"", ""conjunction"": ""And"", ""id"": ""9d41a3ed-e4a8-466c-cbc5-08dd6d829ac2"", ""selectionType"": ""Complete""}",,Course,MATH 151 - Calculus II,MATH 20B - Calculus with Analytic Geometry II,['MATH 20B - Calculus with Analytic Geometry II'],"[{'option': 1, 'groups': [{'group_conjunction': 'AND', 'courses': ['MATH 20B - Calculus with Analytic Geometry II']}], 'courses': ['MATH 20B - Calculus with Analytic Geometry II'], 'must_take_together': False}]",,[],773b4afa-2e1f-45bd-d104-08dd6d829ad0
2025-2026,Monterey Peninsula College,"California State University, Monterey Bay","Environmental Science, Technology & Policy B.S., Watershed Systems Concentration","{""type"": ""Conjunction"", ""conjunction"": ""And"", ""id"": ""9d41a3ed-e4a8-466c-cbc5-08dd6d829ac2"", ""selectionType"": ""Complete""}",,Course,PHYS 221 - Physics II,(PHYS 2B - General Physics II) OR (PHYS 3B - Science and Engineering Physics II AND PHYS 3C - Science and Engineering Physics III),"['PHYS 2B - General Physics II', 'PHYS 3B - Science and Engineering Physics II AND PHYS 3C - Science and Engineering Physics III']","[{'option': 1, 'groups': [{'group_conjunction': 'AND', 'courses': ['PHYS 2B - General Physics II']}], 'courses': ['PHYS 2B - General Physics II'], 'must_take_together': False}, {'option': 2, 'groups': [{'group_conjunction': 'AND', 'courses': ['PHYS 3B - Science and Engineering Physics II', 'PHYS 3C - Science and Engineering Physics III']}], 'courses': ['PHYS 3B - Science and Engineering Physics II', 'PHYS 3C - Science and Engineering Physics III'], 'must_take_together': True}]",,[],19bf1366-2217-4217-d107-08dd6d829ad0
2025-2026,Monterey Peninsula College,"California State University, Monterey Bay","Environmental Science, Technology & Policy B.S., Watershed Systems Concentration","{""type"": ""Conjunction"", ""conjunction"": ""And"", ""id"": ""9d41a3ed-e4a8-466c-cbc5-08dd6d829ac2"", ""selectionType"": ""Complete""}",,Course,ENSTU 280 - Environmental Economics & Policy,ECON 4 - Principles of Economics: Micro,['ECON 4 - Principles of Economics: Micro'],"[{'option': 1, 'groups': [{'group_conjunction': 'AND', 'courses': ['ECON 4 - Principles of Economics: Micro']}], 'courses': ['ECON 4 - Principles of Economics: Micro'], 'must_take_together': False}]",,[],3373b285-bb18-40a4-d10a-08dd6d829ad0
2025-2026,Monterey Peninsula College,"California State University, Monterey Bay","Environmental Science, Technology & Policy B.S., Watershed Systems Concentration","{""type"": ""Conjunction"", ""conjunction"": ""And"", ""id"": ""9d41a3ed-e4a8-466c-cbc5-08dd6d829ac2"", ""selectionType"": ""Complete""}",,Course,BUS 202 - Micro Economics,ECON 4 - Principles of Economics: Micro,['ECON 4 - Principles of Economics: Micro'],"[{'option': 1, 'groups': [{'group_conjunction': 'AND', 'courses': ['ECON 4 - Principles of Economics: Micro']}], 'courses': ['ECON 4 - Principles of Economics: Micro'], 'must_take_together': False}]",,[],7a37c0cc-caff-450b-d10b-08dd6d829ad0
2025-2026,Monterey Peninsula College,"California State University, Monterey Bay","Environmental Science, Technology & Policy B.S., Watershed Systems Concentration","{""type"": ""Conjunction"", ""conjunction"": ""And"", ""id"": ""9d41a3ed-e4a8-466c-cbc5-08dd6d829ac2"", ""selectionType"": ""Complete""}",,Course,ENVS 201 - Introduction to Environmental Science,BIOL 31 - Introduction to Environmental Science,['BIOL 31 - Introduction to Environmental Science'],"[{'option': 1, 'groups': [{'group_conjunction': 'AND', 'courses': ['BIOL 31 - Introduction to Environmental Science']}], 'courses': ['BIOL 31 - Introduction to Environmental Science'], 'must_take_together': False}]",,[],25c78d1e-8cd0-4f01-d10c-08dd6d829ad0
2025-2026,Monterey Peninsula College,"California State University, Monterey Bay","Environmental Science, Technology & Policy B.S., Watershed Systems Concentration","{""type"": ""Conjunction"", ""conjunction"": ""And"", ""id"": ""9d41a3ed-e4a8-466c-cbc5-08dd6d829ac2"", ""selectionType"": ""Complete""}",,Course,FYS 124 - Introduction to Environmental Science,No articulation (No Course Articulated),[],[],No Course Articulated,[],2c6aca7c-e491-4f6a-d10d-08dd6d829ad0
2025-2026,Monterey Peninsula College,"California State University, Monterey Bay","Environmental Science, Technology & Policy B.S., Watershed Systems Concentration","{""type"": ""Conjunction"", ""conjunction"": ""And"", ""id"": ""9d41a3ed-e4a8-466c-cbc5-08dd6d829ac2"", ""selectionType"": ""Complete""}",,Series,"CHEM 110, CHEM 110L",CHEM 1A - General Chemistry I,['CHEM 1A - General Chemistry I'],"[{'option': 1, 'groups': [{'group_conjunction': 'AND', 'courses': ['CHEM 1A - General Chemistry I']}], 'courses': ['CHEM 1A - General Chemistry I'], 'must_take_together': False}]",,[],fd9bf85b-7e8e-456f-d101-08dd6d829ad0
2025-2026,Monterey Peninsula College,"California State University, Monterey Bay","Environmental Science, Technology & Policy B.S., Watershed Systems Concentration","{""type"": ""Conjunction"", ""conjunction"": ""And"", ""id"": ""9d41a3ed-e4a8-466c-cbc5-08dd6d829ac2"", ""selectionType"": ""Complete""}",,Series,"BIO 210, BIO 210L","BIOL 21 - Concepts in Biology I: Cells, Genetics, and Organisms","['BIOL 21 - Concepts in Biology I: Cells, Genetics, and Organisms']","[{'option': 1, 'groups': [{'group_conjunction': 'AND', 'courses': ['BIOL 21 - Concepts in Biology I: Cells, Genetics, and Organisms']}], 'courses': ['BIOL 21 - Concepts in Biology I: Cells, Genetics, and Organisms'], 'must_take_together': False}]",,[],32fb7ef0-e3e8-4770-d105-08dd6d829ad0
2025-2026,Monterey Peninsula College,"California State University, Monterey Bay","Environmental Science, Technology & Policy B.S., Watershed Systems Concentration","{""type"": ""Conjunction"", ""conjunction"": ""And"", ""id"": ""9d41a3ed-e4a8-466c-cbc5-08dd6d829ac2"", ""selectionType"": ""Complete""}",,Series,"CHEM 111, CHEM 111L",CHEM 1B - General Chemistry II,['CHEM 1B - General Chemistry II'],"[{'option': 1, 'groups': [{'group_conjunction': 'AND', 'courses': ['CHEM 1B - General Chemistry II']}], 'courses': ['CHEM 1B - General Chemistry II'], 'must_take_together': False}]",,[],e02603ff-70c6-4b21-d106-08dd6d829ad0
2025-2026,Monterey Peninsula College,"California State University, Monterey Bay","Environmental Science, Technology & Policy B.S., Watershed Systems Concentration","{""type"": ""Conjunction"", ""conjunction"": ""And"", ""id"": ""9d41a3ed-e4a8-466c-cbc5-08dd6d829ac2"", ""selectionType"": ""Complete""}",,Series,"BIO 211, BIO 211L","BIOL 22 - Concepts in Biology II: Diversity, Ecology, and Evolution","['BIOL 22 - Concepts in Biology II: Diversity, Ecology, and Evolution']","[{'option': 1, 'groups': [{'group_conjunction': 'AND', 'courses': ['BIOL 22 - Concepts in Biology II: Diversity, Ecology, and Evolution']}], 'courses': ['BIOL 22 - Concepts in Biology II: Diversity, Ecology, and Evolution'], 'must_take_together': False}]",,[],b2f30118-6e31-4c18-d109-08dd6d829ad0
2025-2026,Monterey Peninsula College,"California State University, Monterey Bay","Social Sciences B.A., Geographic Information Systems Concentration","{""type"": ""Conjunction"", ""conjunction"": ""And"", ""id"": ""5aeb110e-920b-41cf-cbe2-08dd6d829ac2"", ""selectionType"": ""Complete""}",,Course,STAT 100 - Introduction to Statistics,((STAT C1000 - Introduction to Statistics) OR (PSYC 19 - Introduction to Statistics for the Social Sciences)) OR (SOCI 19 - Introduction to Statistics for the Social Sciences),"['STAT C1000 - Introduction to Statistics', 'PSYC 19 - Introduction to Statistics for the Social Sciences', 'SOCI 19 - Introduction to Statistics for the Social Sciences']","[{'option': 1, 'groups': [{'group_conjunction': 'AND', 'courses': ['STAT C1000 - Introduction to Statistics']}], 'courses': ['STAT C1000 - Introduction to Statistics'], 'must_take_together': False}, {'option': 2, 'groups': [{'group_conjunction': 'AND', 'courses': ['PSYC 19 - Introduction to Statistics for the Social Sciences']}], 'courses': ['PSYC 19 - Introduction to Statistics for the Social Sciences'], 'must_take_together': False}, {'option': 3, 'groups': [{'group_conjunction': 'AND', 'courses': ['SOCI 19 - Introduction to Statistics for the Social Sciences']}], 'courses': ['SOCI 19 - Introduction to Statistics for the Social Sciences'], 'must_take_together': False}]",,[],10581eca-e206-441f-d211-08dd6d829ad0
2025-2026,Monterey Peninsula College,"California State University, Monterey Bay","Humanities & Communication, B.A., English Subject Matter Prep Concentration","{""type"": ""Conjunction"", ""conjunction"": ""And"", ""id"": ""2c058d7b-0067-401f-cbe3-08dd6d829ac2"", ""selectionType"": ""Complete""}",,Course,HCOM 222 - Intro to Literary Analysis,ENGL 1B - Introduction to Literature,['ENGL 1B - Introduction to Literature'],"[{'option': 1, 'groups': [{'group_conjunction': 'AND', 'courses': ['ENGL 1B - Introduction to Literature']}], 'courses': ['ENGL 1B - Introduction to Literature'], 'must_take_together': False}]",,[],17f0872d-7f9b-4c19-0246-08ddc93589d9
2025-2026,Monterey Peninsula College,"California State University, Monterey Bay","Collaborative Health & Human Services B.S., Social Work Concentration",,,Course,PH 207 - Introduction to Public Health,HLTH 1 - Introduction to Public Health,['HLTH 1 - Introduction to Public Health'],"[{'option': 1, 'groups': [{'group_conjunction': 'AND', 'courses': ['HLTH 1 - Introduction to Public Health']}], 'courses': ['HLTH 1 - Introduction to Public Health'], 'must_take_together': False}]",,[],87e19dd3-0a59-4617-2a99-08dd7ddfa52c
2025-2026,Monterey Peninsula College,"California State University, Monterey Bay","Collaborative Health & Human Services B.S., Social Work Concentration",,,Course,SW 205 - Introduction to Social Work,HUMS 50 - Intro to Human Services and Social Work,['HUMS 50 - Intro to Human Services and Social Work'],"[{'option': 1, 'groups': [{'group_conjunction': 'AND', 'courses': ['HUMS 50 - Intro to Human Services and Social Work']}], 'courses': ['HUMS 50 - Intro to Human Services and Social Work'], 'must_take_together': False}]",,[],23c97915-18bd-4d63-2a9a-08dd7ddfa52c
2025-2026,Monterey Peninsula College,"California State University, Monterey Bay","Environmental Studies B.A., Sustainable Communities Concentration","{""type"": ""Conjunction"", ""conjunction"": ""And"", ""id"": ""dd270aab-eb27-4052-cbd9-08dd6d829ac2"", ""selectionType"": ""Complete""}",,Course,AGPS 128 - Intro to Soil Science,HORT 53 - Soil Science and Management,['HORT 53 - Soil Science and Management'],"[{'option': 1, 'groups': [{'group_conjunction': 'AND', 'courses': ['HORT 53 - Soil Science and Management']}], 'courses': ['HORT 53 - Soil Science and Management'], 'must_take_together': False}]",,[],c6c6ce68-19af-454e-d1c0-08dd6d829ad0
2025-2026,Monterey Peninsula College,"California State University, Monterey Bay","Environmental Studies B.A., Sustainable Communities Concentration","{""type"": ""Conjunction"", ""conjunction"": ""And"", ""id"": ""dd270aab-eb27-4052-cbd9-08dd6d829ac2"", ""selectionType"": ""Complete""}",,Course,GEOL 210 - Earth Science for Teachers,GEOL 12 - Earth Ocean Climate: Introduction to Earth Science AND GEOL 12L - Earth Ocean Climate: Introduction to Earth Science Lab,['GEOL 12 - Earth Ocean Climate: Introduction to Earth Science AND GEOL 12L - Earth Ocean Climate: Introduction to Earth Science Lab'],"[{'option': 1, 'groups': [{'group_conjunction': 'AND', 'courses': ['GEOL 12 - Earth Ocean Climate: Introduction to Earth Science', 'GEOL 12L - Earth Ocean Climate: Introduction to Earth Science Lab']}], 'courses': ['GEOL 12 - Earth Ocean Climate: Introduction to Earth Science', 'GEOL 12L - Earth Ocean Climate: Introduction to Earth Science Lab'], 'must_take_together': True}]",,[],7887c4a1-70d6-40ae-d1c1-08dd6d829ad0
2025-2026,Monterey Peninsula College,"California State University, Monterey Bay","Environmental Studies B.A., Sustainable Communities Concentration","{""type"": ""Conjunction"", ""conjunction"": ""And"", ""id"": ""dd270aab-eb27-4052-cbd9-08dd6d829ac2"", ""selectionType"": ""Complete""}",,Course,GEOL 260 - Geology/Hydrology,GEOL 2 - Physical Geology AND GEOL 2L - Physical Geology Laboratory,['GEOL 2 - Physical Geology AND GEOL 2L - Physical Geology Laboratory'],"[{'option': 1, 'groups': [{'group_conjunction': 'AND', 'courses': ['GEOL 2 - Physical Geology', 'GEOL 2L - Physical Geology Laboratory']}], 'courses': ['GEOL 2 - Physical Geology', 'GEOL 2L - Physical Geology Laboratory'], 'must_take_together': True}]",,[],1ee3d84e-ce0b-4665-d1c2-08dd6d829ad0
2025-2026,Monterey Peninsula College,"California State University, Monterey Bay","Environmental Studies B.A., Sustainable Communities Concentration","{""type"": ""Conjunction"", ""conjunction"": ""And"", ""id"": ""dd270aab-eb27-4052-cbd9-08dd6d829ac2"", ""selectionType"": ""Complete""}",,Course,ENSTU 280 - Environmental Economics & Policy,ECON 4 - Principles of Economics: Micro,['ECON 4 - Principles of Economics: Micro'],"[{'option': 1, 'groups': [{'group_conjunction': 'AND', 'courses': ['ECON 4 - Principles of Economics: Micro']}], 'courses': ['ECON 4 - Principles of Economics: Micro'], 'must_take_together': False}]",,[],667d3d76-d515-410d-d1c4-08dd6d829ad0
2025-2026,Monterey Peninsula College,"California State University, Monterey Bay","Environmental Studies B.A., Sustainable Communities Concentration","{""type"": ""Conjunction"", ""conjunction"": ""And"", ""id"": ""dd270aab-eb27-4052-cbd9-08dd6d829ac2"", ""selectionType"": ""Complete""}",,Course,STAT 100 - Introduction to Statistics,((STAT C1000 - Introduction to Statistics) OR (PSYC 19 - Introduction to Statistics for the Social Sciences)) OR (SOCI 19 - Introduction to Statistics for the Social Sciences),"['STAT C1000 - Introduction to Statistics', 'PSYC 19 - Introduction to Statistics for the Social Sciences', 'SOCI 19 - Introduction to Statistics for the Social Sciences']","[{'option': 1, 'groups': [{'group_conjunction': 'AND', 'courses': ['STAT C1000 - Introduction to Statistics']}], 'courses': ['STAT C1000 - Introduction to Statistics'], 'must_take_together': False}, {'option': 2, 'groups': [{'group_conjunction': 'AND', 'courses': ['PSYC 19 - Introduction to Statistics for the Social Sciences']}], 'courses': ['PSYC 19 - Introduction to Statistics for the Social Sciences'], 'must_take_together': False}, {'option': 3, 'groups': [{'group_conjunction': 'AND', 'courses': ['SOCI 19 - Introduction to Statistics for the Social Sciences']}], 'courses': ['SOCI 19 - Introduction to Statistics for the Social Sciences'], 'must_take_together': False}]",,[],31591417-b590-4379-d1c5-08dd6d829ad0
2025-2026,Monterey Peninsula College,"California State University, Monterey Bay","Environmental Studies B.A., Sustainable Communities Concentration","{""type"": ""Conjunction"", ""conjunction"": ""And"", ""id"": ""dd270aab-eb27-4052-cbd9-08dd6d829ac2"", ""selectionType"": ""Complete""}",,Course,MSCI 270 - Intro to Oceanography,OCEN 2 - Introductory Oceanography,['OCEN 2 - Introductory Oceanography'],"[{'option': 1, 'groups': [{'group_conjunction': 'AND', 'courses': ['OCEN 2 - Introductory Oceanography']}], 'courses': ['OCEN 2 - Introductory Oceanography'], 'must_take_together': False}]",,[],2dff9112-dc7f-4ab4-d1c7-08dd6d829ad0
2025-2026,Monterey Peninsula College,"California State University, Monterey Bay","Environmental Studies B.A., Sustainable Communities Concentration","{""type"": ""Conjunction"", ""conjunction"": ""And"", ""id"": ""dd270aab-eb27-4052-cbd9-08dd6d829ac2"", ""selectionType"": ""Complete""}",,Course,ENVS 201 - Introduction to Environmental Science,BIOL 31 - Introduction to Environmental Science,['BIOL 31 - Introduction to Environmental Science'],"[{'option': 1, 'groups': [{'group_conjunction': 'AND', 'courses': ['BIOL 31 - Introduction to Environmental Science']}], 'courses': ['BIOL 31 - Introduction to Environmental Science'], 'must_take_together': False}]",,[],a17dbed1-3c7d-413c-d1c9-08dd6d829ad0
2025-2026,Monterey Peninsula College,"California State University, Monterey Bay","Environmental Studies B.A., Sustainable Communities Concentration","{""type"": ""Conjunction"", ""conjunction"": ""And"", ""id"": ""dd270aab-eb27-4052-cbd9-08dd6d829ac2"", ""selectionType"": ""Complete""}",,Course,FYS 124 - Introduction to Environmental Science,No articulation (No Course Articulated),[],[],No Course Articulated,[],c133d0e8-8c33-41be-d1ca-08dd6d829ad0
2025-2026,Monterey Peninsula College,"California State University, Monterey Bay","Sustainable Hospitality & Tourism Management B.S., Hospitality & Event Management Concentration","{""type"": ""Conjunction"", ""conjunction"": ""And"", ""id"": ""bacfa677-bd83-4c40-cbbe-08dd6d829ac2"", ""selectionType"": ""Complete""}",,Course,HOSP 200 - Applications of Sustainable Hospitality,HOSP 51 - Introduction to the Hospitality Industry,['HOSP 51 - Introduction to the Hospitality Industry'],"[{'option': 1, 'groups': [{'group_conjunction': 'AND', 'courses': ['HOSP 51 - Introduction to the Hospitality Industry']}], 'courses': ['HOSP 51 - Introduction to the Hospitality Industry'], 'must_take_together': False}]",,[],3d25d64b-8841-46c3-d0c5-08dd6d829ad0
2025-2026,Monterey Peninsula College,"California State University, Monterey Bay","Sustainable Hospitality & Tourism Management B.S., Hospitality & Event Management Concentration","{""type"": ""Conjunction"", ""conjunction"": ""And"", ""id"": ""bacfa677-bd83-4c40-cbbe-08dd6d829ac2"", ""selectionType"": ""Complete""}",,Course,BUS 203 - Financial Accounting,BUSI 3A - Financial Accounting,['BUSI 3A - Financial Accounting'],"[{'option': 1, 'groups': [{'group_conjunction': 'AND', 'courses': ['BUSI 3A - Financial Accounting']}], 'courses': ['BUSI 3A - Financial Accounting'], 'must_take_together': False}]",,[],469f4ad9-8442-4d2a-d0c6-08dd6d829ad0
2025-2026,Monterey Peninsula College,"California State University, Monterey Bay","Sustainable Hospitality & Tourism Management B.S., Hospitality & Event Management Concentration","{""type"": ""Conjunction"", ""conjunction"": ""And"", ""id"": ""bacfa677-bd83-4c40-cbbe-08dd6d829ac2"", ""selectionType"": ""Complete""}",,Course,BUS 205 - Managerial Accounting,BUSI 3B - Managerial Accounting,['BUSI 3B - Managerial Accounting'],"[{'option': 1, 'groups': [{'group_conjunction': 'AND', 'courses': ['BUSI 3B - Managerial Accounting']}], 'courses': ['BUSI 3B - Managerial Accounting'], 'must_take_together': False}]",,[],acaceda7-854a-46ff-d0c7-08dd6d829ad0
2025-2026,Monterey Peninsula College,"California State University, Monterey Bay",Sociology B.A.,"{""type"": ""Conjunction"", ""conjunction"": ""And"", ""id"": ""12f3acb0-5eff-4b0e-cbce-08dd6d829ac2"", ""selectionType"": ""Complete""}",,Course,STAT 100 - Introduction to Statistics,((STAT C1000 - Introduction to Statistics) OR (PSYC 19 - Introduction to Statistics for the Social Sciences)) OR (SOCI 19 - Introduction to Statistics for the Social Sciences),"['STAT C1000 - Introduction to Statistics', 'PSYC 19 - Introduction to Statistics for the Social Sciences', 'SOCI 19 - Introduction to Statistics for the Social Sciences']","[{'option': 1, 'groups': [{'group_conjunction': 'AND', 'courses': ['STAT C1000 - Introduction to Statistics']}], 'courses': ['STAT C1000 - Introduction to Statistics'], 'must_take_together': False}, {'option': 2, 'groups': [{'group_conjunction': 'AND', 'courses': ['PSYC 19 - Introduction to Statistics for the Social Sciences']}], 'courses': ['PSYC 19 - Introduction to Statistics for the Social Sciences'], 'must_take_together': False}, {'option': 3, 'groups': [{'group_conjunction': 'AND', 'courses': ['SOCI 19 - Introduction to Statistics for the Social Sciences']}], 'courses': ['SOCI 19 - Introduction to Statistics for the Social Sciences'], 'must_take_together': False}]",,[],35d31734-736d-422d-d15c-08dd6d829ad0
2025-2026,Monterey Peninsula College,"California State University, Monterey Bay",Sociology B.A.,"{""type"": ""Conjunction"", ""conjunction"": ""And"", ""id"": ""12f3acb0-5eff-4b0e-cbce-08dd6d829ac2"", ""selectionType"": ""Complete""}",,Course,SOC 201 - Social Problems,SOCI 2 - Contemporary Social Problems,['SOCI 2 - Contemporary Social Problems'],"[{'option': 1, 'groups': [{'group_conjunction': 'AND', 'courses': ['SOCI 2 - Contemporary Social Problems']}], 'courses': ['SOCI 2 - Contemporary Social Problems'], 'must_take_together': False}]",,[],825fa3bf-3d05-4742-d15d-08dd6d829ad0
2025-2026,Monterey Peninsula College,"California State University, Monterey Bay",Sociology B.A.,"{""type"": ""Conjunction"", ""conjunction"": ""And"", ""id"": ""12f3acb0-5eff-4b0e-cbce-08dd6d829ac2"", ""selectionType"": ""Complete""}",,Course,SOC 100 - Introduction to Sociology,SOCI 1 - Introduction to Sociology,['SOCI 1 - Introduction to Sociology'],"[{'option': 1, 'groups': [{'group_conjunction': 'AND', 'courses': ['SOCI 1 - Introduction to Sociology']}], 'courses': ['SOCI 1 - Introduction to Sociology'], 'must_take_together': False}]",,[],a0046c94-e143-48c2-d15e-08dd6d829ad0
2025-2026,Monterey Peninsula College,"California State University, Monterey Bay",Spanish Language & Hispanic Cultures B.A.,"{""type"": ""Conjunction"", ""conjunction"": ""And"", ""id"": ""1ce84788-7ac8-447d-cbcf-08dd6d829ac2"", ""selectionType"": ""Complete""}",,Course,SPAN 201 - Intermediate Spanish I,SPAN 3 - Intermediate Spanish I,['SPAN 3 - Intermediate Spanish I'],"[{'option': 1, 'groups': [{'group_conjunction': 'AND', 'courses': ['SPAN 3 - Intermediate Spanish I']}], 'courses': ['SPAN 3 - Intermediate Spanish I'], 'must_take_together': False}]",,[],73bcd749-71a9-4005-da61-08dd88146341
2025-2026,Monterey Peninsula College,"California State University, Monterey Bay",Spanish Language & Hispanic Cultures B.A.,"{""type"": ""Conjunction"", ""conjunction"": ""And"", ""id"": ""1ce84788-7ac8-447d-cbcf-08dd6d829ac2"", ""selectionType"": ""Complete""}",,Course,SPAN 202 - Intermediate Spanish II,(SPAN 4 - Intermediate Spanish II) OR (SPAN 4S - Intermediate Spanish for Spanish Speakers II),"['SPAN 4 - Intermediate Spanish II', 'SPAN 4S - Intermediate Spanish for Spanish Speakers II']","[{'option': 1, 'groups': [{'group_conjunction': 'AND', 'courses': ['SPAN 4 - Intermediate Spanish II']}], 'courses': ['SPAN 4 - Intermediate Spanish II'], 'must_take_together': False}, {'option': 2, 'groups': [{'group_conjunction': 'AND', 'courses': ['SPAN 4S - Intermediate Spanish for Spanish Speakers II']}], 'courses': ['SPAN 4S - Intermediate Spanish for Spanish Speakers II'], 'must_take_together': False}]",,[],eaca4184-3947-40bd-da62-08dd88146341
2025-2026,Monterey Peninsula College,"California State University, Monterey Bay",Spanish Language & Hispanic Cultures B.A.,"{""type"": ""Conjunction"", ""conjunction"": ""And"", ""id"": ""1ce84788-7ac8-447d-cbcf-08dd6d829ac2"", ""selectionType"": ""Complete""}",,Course,SPAN 212 - Spanish for Spanish Speakers,(SPAN 2S - Elementary Spanish for Spanish Speakers II) OR (SPAN 3S - Intermediate Spanish for Spanish Speakers I),"['SPAN 2S - Elementary Spanish for Spanish Speakers II', 'SPAN 3S - Intermediate Spanish for Spanish Speakers I']","[{'option': 1, 'groups': [{'group_conjunction': 'AND', 'courses': ['SPAN 2S - Elementary Spanish for Spanish Speakers II']}], 'courses': ['SPAN 2S - Elementary Spanish for Spanish Speakers II'], 'must_take_together': False}, {'option': 2, 'groups': [{'group_conjunction': 'AND', 'courses': ['SPAN 3S - Intermediate Spanish for Spanish Speakers I']}], 'courses': ['SPAN 3S - Intermediate Spanish for Spanish Speakers I'], 'must_take_together': False}]",,[],aa2efffd-1a54-42ba-da63-08dd88146341
2025-2026,Monterey Peninsula College,"California State University, Monterey Bay",Spanish Language & Hispanic Cultures B.A.,,,Course,SPAN 101 - Beginning Spanish I,(SPAN 1 - Elementary Spanish I) OR (SPAN 1S - Elementary Spanish for Spanish Speakers I),"['SPAN 1 - Elementary Spanish I', 'SPAN 1S - Elementary Spanish for Spanish Speakers I']","[{'option': 1, 'groups': [{'group_conjunction': 'AND', 'courses': ['SPAN 1 - Elementary Spanish I']}], 'courses': ['SPAN 1 - Elementary Spanish I'], 'must_take_together': False}, {'option': 2, 'groups': [{'group_conjunction': 'AND', 'courses': ['SPAN 1S - Elementary Spanish for Spanish Speakers I']}], 'courses': ['SPAN 1S - Elementary Spanish for Spanish Speakers I'], 'must_take_together': False}]",,[],be7f53b1-8b1d-44bd-c7bd-08dd86a9c1a6
2025-2026,Monterey Peninsula College,"California State University, Monterey Bay",Spanish Language & Hispanic Cultures B.A.,,,Course,SPAN 102 - Beginning Spanish II,SPAN 2 - Elementary Spanish II,['SPAN 2 - Elementary Spanish II'],"[{'option': 1, 'groups': [{'group_conjunction': 'AND', 'courses': ['SPAN 2 - Elementary Spanish II']}], 'courses': ['SPAN 2 - Elementary Spanish II'], 'must_take_together': False}]",,[],2df867dc-e51c-406f-c7be-08dd86a9c1a6
2025-2026,Monterey Peninsula College,"California State University, Monterey Bay","Social Sciences B.A., Political Economy Concentration","{""type"": ""Conjunction"", ""conjunction"": ""And"", ""id"": ""638d0e4f-a225-4f45-cbd0-08dd6d829ac2"", ""selectionType"": ""Complete""}",,Course,STAT 100 - Introduction to Statistics,((STAT C1000 - Introduction to Statistics) OR (PSYC 19 - Introduction to Statistics for the Social Sciences)) OR (SOCI 19 - Introduction to Statistics for the Social Sciences),"['STAT C1000 - Introduction to Statistics', 'PSYC 19 - Introduction to Statistics for the Social Sciences', 'SOCI 19 - Introduction to Statistics for the Social Sciences']","[{'option': 1, 'groups': [{'group_conjunction': 'AND', 'courses': ['STAT C1000 - Introduction to Statistics']}], 'courses': ['STAT C1000 - Introduction to Statistics'], 'must_take_together': False}, {'option': 2, 'groups': [{'group_conjunction': 'AND', 'courses': ['PSYC 19 - Introduction to Statistics for the Social Sciences']}], 'courses': ['PSYC 19 - Introduction to Statistics for the Social Sciences'], 'must_take_together': False}, {'option': 3, 'groups': [{'group_conjunction': 'AND', 'courses': ['SOCI 19 - Introduction to Statistics for the Social Sciences']}], 'courses': ['SOCI 19 - Introduction to Statistics for the Social Sciences'], 'must_take_together': False}]",,[],7a883993-d1c8-4b05-d169-08dd6d829ad0
2025-2026,Monterey Peninsula College,"California State University, Monterey Bay",Biology B.S. + Credential,"{""type"": ""Conjunction"", ""conjunction"": ""And"", ""id"": ""38d6c8b3-d7ac-45e0-cbd2-08dd6d829ac2"", ""selectionType"": ""Complete""}",,Course,MATH 150 - Calculus I,MATH 20A - Calculus with Analytic Geometry I,['MATH 20A - Calculus with Analytic Geometry I'],"[{'option': 1, 'groups': [{'group_conjunction': 'AND', 'courses': ['MATH 20A - Calculus with Analytic Geometry I']}], 'courses': ['MATH 20A - Calculus with Analytic Geometry I'], 'must_take_together': False}]",,[],4c75fbb0-3a40-4d98-d17e-08dd6d829ad0
2025-2026,Monterey Peninsula College,"California State University, Monterey Bay",Biology B.S. + Credential,"{""type"": ""Conjunction"", ""conjunction"": ""And"", ""id"": ""38d6c8b3-d7ac-45e0-cbd2-08dd6d829ac2"", ""selectionType"": ""Complete""}",,Course,PHYS 220 - Physics I,(PHYS 2A - General Physics I) OR (PHYS 3A - Science and Engineering Physics I),"['PHYS 2A - General Physics I', 'PHYS 3A - Science and Engineering Physics I']","[{'option': 1, 'groups': [{'group_conjunction': 'AND', 'courses': ['PHYS 2A - General Physics I']}], 'courses': ['PHYS 2A - General Physics I'], 'must_take_together': False}, {'option': 2, 'groups': [{'group_conjunction': 'AND', 'courses': ['PHYS 3A - Science and Engineering Physics I']}], 'courses': ['PHYS 3A - Science and Engineering Physics I'], 'must_take_together': False}]",,[],2f019dff-15ad-4aef-d185-08dd6d829ad0
2025-2026,Monterey Peninsula College,"California State University, Monterey Bay",Biology B.S. + Credential,"{""type"": ""Conjunction"", ""conjunction"": ""And"", ""id"": ""38d6c8b3-d7ac-45e0-cbd2-08dd6d829ac2"", ""selectionType"": ""Complete""}",,Course,GEOL 210 - Earth Science for Teachers,GEOL 12 - Earth Ocean Climate: Introduction to Earth Science AND GEOL 12L - Earth Ocean Climate: Introduction to Earth Science Lab,['GEOL 12 - Earth Ocean Climate: Introduction to Earth Science AND GEOL 12L - Earth Ocean Climate: Introduction to Earth Science Lab'],"[{'option': 1, 'groups': [{'group_conjunction': 'AND', 'courses': ['GEOL 12 - Earth Ocean Climate: Introduction to Earth Science', 'GEOL 12L - Earth Ocean Climate: Introduction to Earth Science Lab']}], 'courses': ['GEOL 12 - Earth Ocean Climate: Introduction to Earth Science', 'GEOL 12L - Earth Ocean Climate: Introduction to Earth Science Lab'], 'must_take_together': True}]",,[],c848b223-b38e-4e3c-d186-08dd6d829ad0
2025-2026,Monterey Peninsula College,"California State University, Monterey Bay",Biology B.S. + Credential,"{""type"": ""Conjunction"", ""conjunction"": ""And"", ""id"": ""38d6c8b3-d7ac-45e0-cbd2-08dd6d829ac2"", ""selectionType"": ""Complete""}",,Course,PHYS 221 - Physics II,(PHYS 2B - General Physics II) OR (PHYS 3B - Science and Engineering Physics II AND PHYS 3C - Science and Engineering Physics III),"['PHYS 2B - General Physics II', 'PHYS 3B - Science and Engineering Physics II AND PHYS 3C - Science and Engineering Physics III']","[{'option': 1, 'groups': [{'group_conjunction': 'AND', 'courses': ['PHYS 2B - General Physics II']}], 'courses': ['PHYS 2B - General Physics II'], 'must_take_together': False}, {'option': 2, 'groups': [{'group_conjunction': 'AND', 'courses': ['PHYS 3B - Science and Engineering Physics II', 'PHYS 3C - Science and Engineering Physics III']}], 'courses': ['PHYS 3B - Science and Engineering Physics II', 'PHYS 3C - Science and Engineering Physics III'], 'must_take_together': True}]",,[],55e0ce01-5ff1-4875-d187-08dd6d829ad0
2025-2026,Monterey Peninsula College,"California State University, Monterey Bay",Biology B.S. + Credential,"{""type"": ""Conjunction"", ""conjunction"": ""And"", ""id"": ""38d6c8b3-d7ac-45e0-cbd2-08dd6d829ac2"", ""selectionType"": ""Complete""}",,Series,"CHEM 111, CHEM 111L",CHEM 1B - General Chemistry II,['CHEM 1B - General Chemistry II'],"[{'option': 1, 'groups': [{'group_conjunction': 'AND', 'courses': ['CHEM 1B - General Chemistry II']}], 'courses': ['CHEM 1B - General Chemistry II'], 'must_take_together': False}]",,[],73b8138e-e2bf-4068-d17f-08dd6d829ad0
2025-2026,Monterey Peninsula College,"California State University, Monterey Bay",Biology B.S. + Credential,"{""type"": ""Conjunction"", ""conjunction"": ""And"", ""id"": ""38d6c8b3-d7ac-45e0-cbd2-08dd6d829ac2"", ""selectionType"": ""Complete""}",,Series,"CHEM 110, CHEM 110L",CHEM 1A - General Chemistry I,['CHEM 1A - General Chemistry I'],"[{'option': 1, 'groups': [{'group_conjunction': 'AND', 'courses': ['CHEM 1A - General Chemistry I']}], 'courses': ['CHEM 1A - General Chemistry I'], 'must_take_together': False}]",,[],8d9dd5e7-cf46-4d6e-d180-08dd6d829ad0
2025-2026,Monterey Peninsula College,"California State University, Monterey Bay",Biology B.S. + Credential,"{""type"": ""Conjunction"", ""conjunction"": ""And"", ""id"": ""38d6c8b3-d7ac-45e0-cbd2-08dd6d829ac2"", ""selectionType"": ""Complete""}",,Series,"BIO 211, BIO 211L","BIOL 22 - Concepts in Biology II: Diversity, Ecology, and Evolution","['BIOL 22 - Concepts in Biology II: Diversity, Ecology, and Evolution']","[{'option': 1, 'groups': [{'group_conjunction': 'AND', 'courses': ['BIOL 22 - Concepts in Biology II: Diversity, Ecology, and Evolution']}], 'courses': ['BIOL 22 - Concepts in Biology II: Diversity, Ecology, and Evolution'], 'must_take_together': False}]",,[],7c4ad966-7e30-41a1-d181-08dd6d829ad0
2025-2026,Monterey Peninsula College,"California State University, Monterey Bay",Biology B.S. + Credential,"{""type"": ""Conjunction"", ""conjunction"": ""And"", ""id"": ""38d6c8b3-d7ac-45e0-cbd2-08dd6d829ac2"", ""selectionType"": ""Complete""}",,Series,"BIO 210, BIO 210L","BIOL 21 - Concepts in Biology I: Cells, Genetics, and Organisms","['BIOL 21 - Concepts in Biology I: Cells, Genetics, and Organisms']","[{'option': 1, 'groups': [{'group_conjunction': 'AND', 'courses': ['BIOL 21 - Concepts in Biology I: Cells, Genetics, and Organisms']}], 'courses': ['BIOL 21 - Concepts in Biology I: Cells, Genetics, and Organisms'], 'must_take_together': False}]",,[],73d6b173-d18d-48c9-d182-08dd6d829ad0
2025-2026,Monterey Peninsula College,"California State University, Monterey Bay",Biology B.S. + Credential,"{""type"": ""Conjunction"", ""conjunction"": ""And"", ""id"": ""38d6c8b3-d7ac-45e0-cbd2-08dd6d829ac2"", ""selectionType"": ""Complete""}",,Series,"CHEM 211, CHEM 211L",CHEM 12A - Organic Chemistry I,['CHEM 12A - Organic Chemistry I'],"[{'option': 1, 'groups': [{'group_conjunction': 'AND', 'courses': ['CHEM 12A - Organic Chemistry I']}], 'courses': ['CHEM 12A - Organic Chemistry I'], 'must_take_together': False}]",,[],a886c076-af4a-4bba-d184-08dd6d829ad0
2025-2026,Monterey Peninsula College,"California State University, Monterey Bay","Human Development and Family Sciences, B.S.","{""type"": ""Conjunction"", ""conjunction"": ""And"", ""id"": ""1dc9b08a-b59f-45ea-cbd5-08dd6d829ac2"", ""selectionType"": ""Complete""}",,Course,HDFS 200 - Intro to Child Development,ECED 1 - Child Growth and Development,['ECED 1 - Child Growth and Development'],"[{'option': 1, 'groups': [{'group_conjunction': 'AND', 'courses': ['ECED 1 - Child Growth and Development']}], 'courses': ['ECED 1 - Child Growth and Development'], 'must_take_together': False}]",,[],d7ff966b-d30a-4c95-d198-08dd6d829ad0
2025-2026,Monterey Peninsula College,"California State University, Monterey Bay","Music, B.A.","{""type"": ""Conjunction"", ""conjunction"": ""And"", ""id"": ""bb094ca2-0a27-4e74-bce8-08dde3e9b2e6"", ""selectionType"": ""Complete""}",,Course,MPA 110 - Keyboard I,MUSI 50A - Piano I,['MUSI 50A - Piano I'],"[{'option': 1, 'groups': [{'group_conjunction': 'AND', 'courses': ['MUSI 50A - Piano I']}], 'courses': ['MUSI 50A - Piano I'], 'must_take_together': False}]",,[],a7e94118-b095-4caf-5cf0-08dde399765c
2025-2026,Monterey Peninsula College,"California State University, Monterey Bay","Music, B.A.","{""type"": ""Conjunction"", ""conjunction"": ""And"", ""id"": ""bb094ca2-0a27-4e74-bce8-08dde3e9b2e6"", ""selectionType"": ""Complete""}",,Course,MPA 210 - Keyboard II,MUSI 50B - Piano II,['MUSI 50B - Piano II'],"[{'option': 1, 'groups': [{'group_conjunction': 'AND', 'courses': ['MUSI 50B - Piano II']}], 'courses': ['MUSI 50B - Piano II'], 'must_take_together': False}]",,[],6647be09-2b02-4f0b-5cf1-08dde399765c
2025-2026,Monterey Peninsula College,"California State University, Monterey Bay","Music, B.A.","{""type"": ""Conjunction"", ""conjunction"": ""And"", ""id"": ""bb094ca2-0a27-4e74-bce8-08dde3e9b2e6"", ""selectionType"": ""Complete""}",,Series,"MPA 100, MPA 104",MUSI 10A - Music Theory and Musicianship I,['MUSI 10A - Music Theory and Musicianship I'],"[{'option': 1, 'groups': [{'group_conjunction': 'AND', 'courses': ['MUSI 10A - Music Theory and Musicianship I']}], 'courses': ['MUSI 10A - Music Theory and Musicianship I'], 'must_take_together': False}]",,[],57486695-cd08-4803-5cf5-08dde399765c
2025-2026,Monterey Peninsula College,"California State University, Monterey Bay","Music, B.A.","{""type"": ""Conjunction"", ""conjunction"": ""And"", ""id"": ""bb094ca2-0a27-4e74-bce8-08dde3e9b2e6"", ""selectionType"": ""Complete""}",,Series,"MPA 101, MPA 105",MUSI 10B - Music Theory and Musicianship II,['MUSI 10B - Music Theory and Musicianship II'],"[{'option': 1, 'groups': [{'group_conjunction': 'AND', 'courses': ['MUSI 10B - Music Theory and Musicianship II']}], 'courses': ['MUSI 10B - Music Theory and Musicianship II'], 'must_take_together': False}]",,[],48fc5c3f-f8b2-46f9-5cf6-08dde399765c
2025-2026,Monterey Peninsula College,"California State University, Monterey Bay","Music, B.A.","{""type"": ""Conjunction"", ""conjunction"": ""And"", ""id"": ""bb094ca2-0a27-4e74-bce8-08dde3e9b2e6"", ""selectionType"": ""Complete""}",,Series,"MPA 102, MPA 106",MUSI 10C - Music Theory and Musicianship III,['MUSI 10C - Music Theory and Musicianship III'],"[{'option': 1, 'groups': [{'group_conjunction': 'AND', 'courses': ['MUSI 10C - Music Theory and Musicianship III']}], 'courses': ['MUSI 10C - Music Theory and Musicianship III'], 'must_take_together': False}]",,[],eb0934f5-f404-445e-5cf7-08dde399765c
2025-2026,Monterey Peninsula College,"California State University, Monterey Bay","Music, B.A.","{""type"": ""Conjunction"", ""conjunction"": ""And"", ""id"": ""bb094ca2-0a27-4e74-bce8-08dde3e9b2e6"", ""selectionType"": ""Complete""}",,Series,"MPA 103, MPA 107",MUSI 10D - Music Theory and Musicianship IV,['MUSI 10D - Music Theory and Musicianship IV'],"[{'option': 1, 'groups': [{'group_conjunction': 'AND', 'courses': ['MUSI 10D - Music Theory and Musicianship IV']}], 'courses': ['MUSI 10D - Music Theory and Musicianship IV'], 'must_take_together': False}]",,[],73a5e2b3-fde2-4578-5cf8-08dde399765c
2025-2026,Monterey Peninsula College,"California State University, Monterey Bay",Cinematic Arts & Technology B.A.,"{""type"": ""Conjunction"", ""conjunction"": ""And"", ""id"": ""913bbf32-8730-4725-cbd7-08dd6d829ac2"", ""selectionType"": ""Complete""}",,Course,CART 230 - The Art of Storytelling,THEA 8A - Beginning Screenwriting,['THEA 8A - Beginning Screenwriting'],"[{'option': 1, 'groups': [{'group_conjunction': 'AND', 'courses': ['THEA 8A - Beginning Screenwriting']}], 'courses': ['THEA 8A - Beginning Screenwriting'], 'must_take_together': False}]",,[],e4bb722c-f54b-45cc-d1ad-08dd6d829ad0
2025-2026,Monterey Peninsula College,"California State University, Monterey Bay",Cinematic Arts & Technology B.A.,"{""type"": ""Conjunction"", ""conjunction"": ""And"", ""id"": ""913bbf32-8730-4725-cbd7-08dd6d829ac2"", ""selectionType"": ""Complete""}",,Course,CART 200 - Cinematic Arts Fundamentals,ARTV 1 - Introduction to Film/Video,['ARTV 1 - Introduction to Film/Video'],"[{'option': 1, 'groups': [{'group_conjunction': 'AND', 'courses': ['ARTV 1 - Introduction to Film/Video']}], 'courses': ['ARTV 1 - Introduction to Film/Video'], 'must_take_together': False}]",,[],6ecb9b48-b1c3-44ea-d1ae-08dd6d829ad0
2025-2026,Monterey Peninsula College,"California State University, Monterey Bay",Cinematic Arts & Technology B.A.,"{""type"": ""Conjunction"", ""conjunction"": ""And"", ""id"": ""913bbf32-8730-4725-cbd7-08dd6d829ac2"", ""selectionType"": ""Complete""}",,Course,CART 228 - Cinematic History 1849-1960,THEA 9 - History of Film: 1880s through 1950s,['THEA 9 - History of Film: 1880s through 1950s'],"[{'option': 1, 'groups': [{'group_conjunction': 'AND', 'courses': ['THEA 9 - History of Film: 1880s through 1950s']}], 'courses': ['THEA 9 - History of Film: 1880s through 1950s'], 'must_take_together': False}]",,[],fd4f871d-888c-478c-d1af-08dd6d829ad0
2025-2026,Monterey Peninsula College,"California State University, Monterey Bay","Business Administration B.S., Entrepreneurship Concentration","{""type"": ""Conjunction"", ""conjunction"": ""And"", ""id"": ""5483929c-1b7a-484c-cbda-08dd6d829ac2"", ""selectionType"": ""Complete""}",,Course,BUS 200 - Personal & Professional Responsibility,BUSI 1 - Introduction to Business,['BUSI 1 - Introduction to Business'],"[{'option': 1, 'groups': [{'group_conjunction': 'AND', 'courses': ['BUSI 1 - Introduction to Business']}], 'courses': ['BUSI 1 - Introduction to Business'], 'must_take_together': False}]",,[],8064295a-62c2-409a-d1cb-08dd6d829ad0
2025-2026,Monterey Peninsula College,"California State University, Monterey Bay","Business Administration B.S., Entrepreneurship Concentration","{""type"": ""Conjunction"", ""conjunction"": ""And"", ""id"": ""5483929c-1b7a-484c-cbda-08dd6d829ac2"", ""selectionType"": ""Complete""}",,Course,BUS 201 - Macro Economics,ECON 2 - Principles of Economics: Macro,['ECON 2 - Principles of Economics: Macro'],"[{'option': 1, 'groups': [{'group_conjunction': 'AND', 'courses': ['ECON 2 - Principles of Economics: Macro']}], 'courses': ['ECON 2 - Principles of Economics: Macro'], 'must_take_together': False}]",,[],d8c1064f-f233-41a1-d1cc-08dd6d829ad0
2025-2026,Monterey Peninsula College,"California State University, Monterey Bay","Business Administration B.S., Entrepreneurship Concentration","{""type"": ""Conjunction"", ""conjunction"": ""And"", ""id"": ""5483929c-1b7a-484c-cbda-08dd6d829ac2"", ""selectionType"": ""Complete""}",,Course,BUS 202 - Micro Economics,ECON 4 - Principles of Economics: Micro,['ECON 4 - Principles of Economics: Micro'],"[{'option': 1, 'groups': [{'group_conjunction': 'AND', 'courses': ['ECON 4 - Principles of Economics: Micro']}], 'courses': ['ECON 4 - Principles of Economics: Micro'], 'must_take_together': False}]",,[],f8d8d896-a2f7-404d-d1cd-08dd6d829ad0
2025-2026,Monterey Peninsula College,"California State University, Monterey Bay","Business Administration B.S., Entrepreneurship Concentration","{""type"": ""Conjunction"", ""conjunction"": ""And"", ""id"": ""5483929c-1b7a-484c-cbda-08dd6d829ac2"", ""selectionType"": ""Complete""}",,Course,BUS 203 - Financial Accounting,BUSI 3A - Financial Accounting,['BUSI 3A - Financial Accounting'],"[{'option': 1, 'groups': [{'group_conjunction': 'AND', 'courses': ['BUSI 3A - Financial Accounting']}], 'courses': ['BUSI 3A - Financial Accounting'], 'must_take_together': False}]",,[],5250ff4c-a695-448e-d1ce-08dd6d829ad0
2025-2026,Monterey Peninsula College,"California State University, Monterey Bay","Business Administration B.S., Entrepreneurship Concentration","{""type"": ""Conjunction"", ""conjunction"": ""And"", ""id"": ""5483929c-1b7a-484c-cbda-08dd6d829ac2"", ""selectionType"": ""Complete""}",,Course,BUS 205 - Managerial Accounting,BUSI 3B - Managerial Accounting,['BUSI 3B - Managerial Accounting'],"[{'option': 1, 'groups': [{'group_conjunction': 'AND', 'courses': ['BUSI 3B - Managerial Accounting']}], 'courses': ['BUSI 3B - Managerial Accounting'], 'must_take_together': False}]",,[],e8978e9b-83e0-403e-d1cf-08dd6d829ad0
2025-2026,Monterey Peninsula College,"California State University, Monterey Bay","Business Administration B.S., Entrepreneurship Concentration","{""type"": ""Conjunction"", ""conjunction"": ""And"", ""id"": ""5483929c-1b7a-484c-cbda-08dd6d829ac2"", ""selectionType"": ""Complete""}",,Course,BUS 206 - Business Law,BUSI 4 - Business Law,['BUSI 4 - Business Law'],"[{'option': 1, 'groups': [{'group_conjunction': 'AND', 'courses': ['BUSI 4 - Business Law']}], 'courses': ['BUSI 4 - Business Law'], 'must_take_together': False}]",,[],fb317081-e3a7-4c4b-d1d0-08dd6d829ad0
2025-2026,Monterey Peninsula College,"California State University, Monterey Bay","Business Administration B.S., Entrepreneurship Concentration","{""type"": ""Conjunction"", ""conjunction"": ""And"", ""id"": ""5483929c-1b7a-484c-cbda-08dd6d829ac2"", ""selectionType"": ""Complete""}",,Course,MATH 115 - Finite Mathematics,(MATH 17 - Finite Mathematics) OR (MATH 18 - Calculus and Analytic Geometry for the Biological/Social Science/Business),"['MATH 17 - Finite Mathematics', 'MATH 18 - Calculus and Analytic Geometry for the Biological/Social Science/Business']","[{'option': 1, 'groups': [{'group_conjunction': 'AND', 'courses': ['MATH 17 - Finite Mathematics']}], 'courses': ['MATH 17 - Finite Mathematics'], 'must_take_together': False}, {'option': 2, 'groups': [{'group_conjunction': 'AND', 'courses': ['MATH 18 - Calculus and Analytic Geometry for the Biological/Social Science/Business']}], 'courses': ['MATH 18 - Calculus and Analytic Geometry for the Biological/Social Science/Business'], 'must_take_together': False}]",,[],7068ed3a-57af-4a41-d1d1-08dd6d829ad0
2025-2026,Monterey Peninsula College,"California State University, Monterey Bay","Business Administration B.S., Entrepreneurship Concentration","{""type"": ""Conjunction"", ""conjunction"": ""And"", ""id"": ""5483929c-1b7a-484c-cbda-08dd6d829ac2"", ""selectionType"": ""Complete""}",,Course,MATH 130 - Precalculus,MATH 13 - Pre-Calculus,['MATH 13 - Pre-Calculus'],"[{'option': 1, 'groups': [{'group_conjunction': 'AND', 'courses': ['MATH 13 - Pre-Calculus']}], 'courses': ['MATH 13 - Pre-Calculus'], 'must_take_together': False}]",,[],14039d08-41cd-4284-d1d2-08dd6d829ad0
2025-2026,Monterey Peninsula College,"California State University, Monterey Bay","Business Administration B.S., Entrepreneurship Concentration","{""type"": ""Conjunction"", ""conjunction"": ""And"", ""id"": ""5483929c-1b7a-484c-cbda-08dd6d829ac2"", ""selectionType"": ""Complete""}",,Course,MATH 150 - Calculus I,MATH 20A - Calculus with Analytic Geometry I,['MATH 20A - Calculus with Analytic Geometry I'],"[{'option': 1, 'groups': [{'group_conjunction': 'AND', 'courses': ['MATH 20A - Calculus with Analytic Geometry I']}], 'courses': ['MATH 20A - Calculus with Analytic Geometry I'], 'must_take_together': False}]",,[],6629e895-961e-4020-d1d3-08dd6d829ad0
2025-2026,Monterey Peninsula College,"California State University, Monterey Bay","Business Administration B.S., Entrepreneurship Concentration","{""type"": ""Conjunction"", ""conjunction"": ""And"", ""id"": ""5483929c-1b7a-484c-cbda-08dd6d829ac2"", ""selectionType"": ""Complete""}",,Course,BUS 204 - Business Mathematics and Statistics,((STAT C1000 - Introduction to Statistics) OR (PSYC 19 - Introduction to Statistics for the Social Sciences)) OR (SOCI 19 - Introduction to Statistics for the Social Sciences),"['STAT C1000 - Introduction to Statistics', 'PSYC 19 - Introduction to Statistics for the Social Sciences', 'SOCI 19 - Introduction to Statistics for the Social Sciences']","[{'option': 1, 'groups': [{'group_conjunction': 'AND', 'courses': ['STAT C1000 - Introduction to Statistics']}], 'courses': ['STAT C1000 - Introduction to Statistics'], 'must_take_together': False}, {'option': 2, 'groups': [{'group_conjunction': 'AND', 'courses': ['PSYC 19 - Introduction to Statistics for the Social Sciences']}], 'courses': ['PSYC 19 - Introduction to Statistics for the Social Sciences'], 'must_take_together': False}, {'option': 3, 'groups': [{'group_conjunction': 'AND', 'courses': ['SOCI 19 - Introduction to Statistics for the Social Sciences']}], 'courses': ['SOCI 19 - Introduction to Statistics for the Social Sciences'], 'must_take_together': False}]",,[],6dbe382e-033e-4a34-d1d4-08dd6d829ad0
2025-2026,Monterey Peninsula College,"California State University, Monterey Bay","Business Administration B.S., Entrepreneurship Concentration","{""type"": ""Conjunction"", ""conjunction"": ""And"", ""id"": ""5483929c-1b7a-484c-cbda-08dd6d829ac2"", ""selectionType"": ""Complete""}",,Course,STAT 100 - Introduction to Statistics,((STAT C1000 - Introduction to Statistics) OR (PSYC 19 - Introduction to Statistics for the Social Sciences)) OR (SOCI 19 - Introduction to Statistics for the Social Sciences),"['STAT C1000 - Introduction to Statistics', 'PSYC 19 - Introduction to Statistics for the Social Sciences', 'SOCI 19 - Introduction to Statistics for the Social Sciences']","[{'option': 1, 'groups': [{'group_conjunction': 'AND', 'courses': ['STAT C1000 - Introduction to Statistics']}], 'courses': ['STAT C1000 - Introduction to Statistics'], 'must_take_together': False}, {'option': 2, 'groups': [{'group_conjunction': 'AND', 'courses': ['PSYC 19 - Introduction to Statistics for the Social Sciences']}], 'courses': ['PSYC 19 - Introduction to Statistics for the Social Sciences'], 'must_take_together': False}, {'option': 3, 'groups': [{'group_conjunction': 'AND', 'courses': ['SOCI 19 - Introduction to Statistics for the Social Sciences']}], 'courses': ['SOCI 19 - Introduction to Statistics for the Social Sciences'], 'must_take_together': False}]",,[],e5792444-a748-4838-d1d5-08dd6d829ad0
2025-2026,Monterey Peninsula College,"California State University, Monterey Bay","Business Administration B.S., Management & International Business Concentration","{""type"": ""Conjunction"", ""conjunction"": ""And"", ""id"": ""a86117f4-f050-4624-cbde-08dd6d829ac2"", ""selectionType"": ""Complete""}",,Course,MATH 130 - Precalculus,MATH 13 - Pre-Calculus,['MATH 13 - Pre-Calculus'],"[{'option': 1, 'groups': [{'group_conjunction': 'AND', 'courses': ['MATH 13 - Pre-Calculus']}], 'courses': ['MATH 13 - Pre-Calculus'], 'must_take_together': False}]",,[],ce0de716-a6c4-41a7-d1e8-08dd6d829ad0
2025-2026,Monterey Peninsula College,"California State University, Monterey Bay","Business Administration B.S., Management & International Business Concentration","{""type"": ""Conjunction"", ""conjunction"": ""And"", ""id"": ""a86117f4-f050-4624-cbde-08dd6d829ac2"", ""selectionType"": ""Complete""}",,Course,MATH 150 - Calculus I,MATH 20A - Calculus with Analytic Geometry I,['MATH 20A - Calculus with Analytic Geometry I'],"[{'option': 1, 'groups': [{'group_conjunction': 'AND', 'courses': ['MATH 20A - Calculus with Analytic Geometry I']}], 'courses': ['MATH 20A - Calculus with Analytic Geometry I'], 'must_take_together': False}]",,[],a033b84e-e39c-4f59-d1e9-08dd6d829ad0
2025-2026,Monterey Peninsula College,"California State University, Monterey Bay","Business Administration B.S., Management & International Business Concentration","{""type"": ""Conjunction"", ""conjunction"": ""And"", ""id"": ""a86117f4-f050-4624-cbde-08dd6d829ac2"", ""selectionType"": ""Complete""}",,Course,MATH 115 - Finite Mathematics,(MATH 17 - Finite Mathematics) OR (MATH 18 - Calculus and Analytic Geometry for the Biological/Social Science/Business),"['MATH 17 - Finite Mathematics', 'MATH 18 - Calculus and Analytic Geometry for the Biological/Social Science/Business']","[{'option': 1, 'groups': [{'group_conjunction': 'AND', 'courses': ['MATH 17 - Finite Mathematics']}], 'courses': ['MATH 17 - Finite Mathematics'], 'must_take_together': False}, {'option': 2, 'groups': [{'group_conjunction': 'AND', 'courses': ['MATH 18 - Calculus and Analytic Geometry for the Biological/Social Science/Business']}], 'courses': ['MATH 18 - Calculus and Analytic Geometry for the Biological/Social Science/Business'], 'must_take_together': False}]",,[],eed2836c-1b8f-4a35-d1ea-08dd6d829ad0
2025-2026,Monterey Peninsula College,"California State University, Monterey Bay","Business Administration B.S., Management & International Business Concentration","{""type"": ""Conjunction"", ""conjunction"": ""And"", ""id"": ""a86117f4-f050-4624-cbde-08dd6d829ac2"", ""selectionType"": ""Complete""}",,Course,BUS 200 - Personal & Professional Responsibility,BUSI 1 - Introduction to Business,['BUSI 1 - Introduction to Business'],"[{'option': 1, 'groups': [{'group_conjunction': 'AND', 'courses': ['BUSI 1 - Introduction to Business']}], 'courses': ['BUSI 1 - Introduction to Business'], 'must_take_together': False}]",,[],1136e41b-706a-42b6-d1eb-08dd6d829ad0
2025-2026,Monterey Peninsula College,"California State University, Monterey Bay","Business Administration B.S., Management & International Business Concentration","{""type"": ""Conjunction"", ""conjunction"": ""And"", ""id"": ""a86117f4-f050-4624-cbde-08dd6d829ac2"", ""selectionType"": ""Complete""}",,Course,BUS 201 - Macro Economics,ECON 2 - Principles of Economics: Macro,['ECON 2 - Principles of Economics: Macro'],"[{'option': 1, 'groups': [{'group_conjunction': 'AND', 'courses': ['ECON 2 - Principles of Economics: Macro']}], 'courses': ['ECON 2 - Principles of Economics: Macro'], 'must_take_together': False}]",,[],69eb7cde-cb94-491d-d1ec-08dd6d829ad0
2025-2026,Monterey Peninsula College,"California State University, Monterey Bay","Business Administration B.S., Management & International Business Concentration","{""type"": ""Conjunction"", ""conjunction"": ""And"", ""id"": ""a86117f4-f050-4624-cbde-08dd6d829ac2"", ""selectionType"": ""Complete""}",,Course,BUS 202 - Micro Economics,ECON 4 - Principles of Economics: Micro,['ECON 4 - Principles of Economics: Micro'],"[{'option': 1, 'groups': [{'group_conjunction': 'AND', 'courses': ['ECON 4 - Principles of Economics: Micro']}], 'courses': ['ECON 4 - Principles of Economics: Micro'], 'must_take_together': False}]",,[],c7697d4f-ec06-4a82-d1ed-08dd6d829ad0
2025-2026,Monterey Peninsula College,"California State University, Monterey Bay","Business Administration B.S., Management & International Business Concentration","{""type"": ""Conjunction"", ""conjunction"": ""And"", ""id"": ""a86117f4-f050-4624-cbde-08dd6d829ac2"", ""selectionType"": ""Complete""}",,Course,BUS 203 - Financial Accounting,BUSI 3A - Financial Accounting,['BUSI 3A - Financial Accounting'],"[{'option': 1, 'groups': [{'group_conjunction': 'AND', 'courses': ['BUSI 3A - Financial Accounting']}], 'courses': ['BUSI 3A - Financial Accounting'], 'must_take_together': False}]",,[],b7f01a05-1624-40a3-d1ee-08dd6d829ad0
2025-2026,Monterey Peninsula College,"California State University, Monterey Bay","Business Administration B.S., Management & International Business Concentration","{""type"": ""Conjunction"", ""conjunction"": ""And"", ""id"": ""a86117f4-f050-4624-cbde-08dd6d829ac2"", ""selectionType"": ""Complete""}",,Course,BUS 205 - Managerial Accounting,BUSI 3B - Managerial Accounting,['BUSI 3B - Managerial Accounting'],"[{'option': 1, 'groups': [{'group_conjunction': 'AND', 'courses': ['BUSI 3B - Managerial Accounting']}], 'courses': ['BUSI 3B - Managerial Accounting'], 'must_take_together': False}]",,[],0c244fec-f750-4ce2-d1ef-08dd6d829ad0
2025-2026,Monterey Peninsula College,"California State University, Monterey Bay","Business Administration B.S., Management & International Business Concentration","{""type"": ""Conjunction"", ""conjunction"": ""And"", ""id"": ""a86117f4-f050-4624-cbde-08dd6d829ac2"", ""selectionType"": ""Complete""}",,Course,BUS 206 - Business Law,BUSI 4 - Business Law,['BUSI 4 - Business Law'],"[{'option': 1, 'groups': [{'group_conjunction': 'AND', 'courses': ['BUSI 4 - Business Law']}], 'courses': ['BUSI 4 - Business Law'], 'must_take_together': False}]",,[],c3eb6f33-b86f-40a4-d1f0-08dd6d829ad0
2025-2026,Monterey Peninsula College,"California State University, Monterey Bay","Business Administration B.S., Management & International Business Concentration","{""type"": ""Conjunction"", ""conjunction"": ""And"", ""id"": ""a86117f4-f050-4624-cbde-08dd6d829ac2"", ""selectionType"": ""Complete""}",,Course,BUS 204 - Business Mathematics and Statistics,((STAT C1000 - Introduction to Statistics) OR (PSYC 19 - Introduction to Statistics for the Social Sciences)) OR (SOCI 19 - Introduction to Statistics for the Social Sciences),"['STAT C1000 - Introduction to Statistics', 'PSYC 19 - Introduction to Statistics for the Social Sciences', 'SOCI 19 - Introduction to Statistics for the Social Sciences']","[{'option': 1, 'groups': [{'group_conjunction': 'AND', 'courses': ['STAT C1000 - Introduction to Statistics']}], 'courses': ['STAT C1000 - Introduction to Statistics'], 'must_take_together': False}, {'option': 2, 'groups': [{'group_conjunction': 'AND', 'courses': ['PSYC 19 - Introduction to Statistics for the Social Sciences']}], 'courses': ['PSYC 19 - Introduction to Statistics for the Social Sciences'], 'must_take_together': False}, {'option': 3, 'groups': [{'group_conjunction': 'AND', 'courses': ['SOCI 19 - Introduction to Statistics for the Social Sciences']}], 'courses': ['SOCI 19 - Introduction to Statistics for the Social Sciences'], 'must_take_together': False}]",,[],01e8f2a5-5116-40c3-d1f1-08dd6d829ad0
2025-2026,Monterey Peninsula College,"California State University, Monterey Bay","Business Administration B.S., Management & International Business Concentration","{""type"": ""Conjunction"", ""conjunction"": ""And"", ""id"": ""a86117f4-f050-4624-cbde-08dd6d829ac2"", ""selectionType"": ""Complete""}",,Course,STAT 100 - Introduction to Statistics,((STAT C1000 - Introduction to Statistics) OR (PSYC 19 - Introduction to Statistics for the Social Sciences)) OR (SOCI 19 - Introduction to Statistics for the Social Sciences),"['STAT C1000 - Introduction to Statistics', 'PSYC 19 - Introduction to Statistics for the Social Sciences', 'SOCI 19 - Introduction to Statistics for the Social Sciences']","[{'option': 1, 'groups': [{'group_conjunction': 'AND', 'courses': ['STAT C1000 - Introduction to Statistics']}], 'courses': ['STAT C1000 - Introduction to Statistics'], 'must_take_together': False}, {'option': 2, 'groups': [{'group_conjunction': 'AND', 'courses': ['PSYC 19 - Introduction to Statistics for the Social Sciences']}], 'courses': ['PSYC 19 - Introduction to Statistics for the Social Sciences'], 'must_take_together': False}, {'option': 3, 'groups': [{'group_conjunction': 'AND', 'courses': ['SOCI 19 - Introduction to Statistics for the Social Sciences']}], 'courses': ['SOCI 19 - Introduction to Statistics for the Social Sciences'], 'must_take_together': False}]",,[],2c8d792a-0019-4e86-d1f2-08dd6d829ad0
2025-2026,Monterey Peninsula College,"California State University, Monterey Bay",Liberal Studies B.A.,"{""type"": ""Conjunction"", ""conjunction"": ""And"", ""id"": ""4725febf-270f-4145-cbbd-08dd6d829ac2"", ""selectionType"": ""Complete""}",,Course,LS 242S - Service Learning in Public Schools,EDUC 1L - Education Service Learning Lab AND EDUC 1 - Introduction to Teaching and Education,['EDUC 1L - Education Service Learning Lab AND EDUC 1 - Introduction to Teaching and Education'],"[{'option': 1, 'groups': [{'group_conjunction': 'AND', 'courses': ['EDUC 1L - Education Service Learning Lab', 'EDUC 1 - Introduction to Teaching and Education']}], 'courses': ['EDUC 1L - Education Service Learning Lab', 'EDUC 1 - Introduction to Teaching and Education'], 'must_take_together': True}]",,[],0f6ebe19-0efb-47c4-d0bb-08dd6d829ad0
2025-2026,Monterey Peninsula College,"California State University, Monterey Bay",Liberal Studies B.A.,"{""type"": ""Conjunction"", ""conjunction"": ""And"", ""id"": ""4725febf-270f-4145-cbbd-08dd6d829ac2"", ""selectionType"": ""Complete""}",,Course,GS 214 - Global History I: to 1500,HIST 7 - World History 1500,['HIST 7 - World History 1500'],"[{'option': 1, 'groups': [{'group_conjunction': 'AND', 'courses': ['HIST 7 - World History 1500']}], 'courses': ['HIST 7 - World History 1500'], 'must_take_together': False}]",,[],b8574db1-ac9c-444f-d0bc-08dd6d829ad0
2025-2026,Monterey Peninsula College,"California State University, Monterey Bay",Liberal Studies B.A.,"{""type"": ""Conjunction"", ""conjunction"": ""And"", ""id"": ""4725febf-270f-4145-cbbd-08dd6d829ac2"", ""selectionType"": ""Complete""}",,Course,HCOM 251 - Introduction to US History,HIST 17 - United States History to 1877,['HIST 17 - United States History to 1877'],"[{'option': 1, 'groups': [{'group_conjunction': 'AND', 'courses': ['HIST 17 - United States History to 1877']}], 'courses': ['HIST 17 - United States History to 1877'], 'must_take_together': False}]",,[],738f25f6-a83d-4351-d0bd-08dd6d829ad0
2025-2026,Monterey Peninsula College,"California State University, Monterey Bay",Liberal Studies B.A.,"{""type"": ""Conjunction"", ""conjunction"": ""And"", ""id"": ""4725febf-270f-4145-cbbd-08dd6d829ac2"", ""selectionType"": ""Complete""}",,Course,SSCI 111 - United States History to 1890,HIST 17 - United States History to 1877,['HIST 17 - United States History to 1877'],"[{'option': 1, 'groups': [{'group_conjunction': 'AND', 'courses': ['HIST 17 - United States History to 1877']}], 'courses': ['HIST 17 - United States History to 1877'], 'must_take_together': False}]",,[],eb347528-bc84-4f7e-d0be-08dd6d829ad0
2025-2026,Monterey Peninsula College,"California State University, Monterey Bay",Liberal Studies B.A.,"{""type"": ""Conjunction"", ""conjunction"": ""And"", ""id"": ""4725febf-270f-4145-cbbd-08dd6d829ac2"", ""selectionType"": ""Complete""}",,Course,BIO 204 - Introduction to Life Sciences,BIOL 10 - Principles of Biology,['BIOL 10 - Principles of Biology'],"[{'option': 1, 'groups': [{'group_conjunction': 'AND', 'courses': ['BIOL 10 - Principles of Biology']}], 'courses': ['BIOL 10 - Principles of Biology'], 'must_take_together': False}]",,[],8ee79226-7299-4a02-d0c0-08dd6d829ad0
2025-2026,Monterey Peninsula College,"California State University, Monterey Bay",Liberal Studies B.A.,"{""type"": ""Conjunction"", ""conjunction"": ""And"", ""id"": ""4725febf-270f-4145-cbbd-08dd6d829ac2"", ""selectionType"": ""Complete""}",,Course,GEOL 210 - Earth Science for Teachers,GEOL 12 - Earth Ocean Climate: Introduction to Earth Science AND GEOL 12L - Earth Ocean Climate: Introduction to Earth Science Lab,['GEOL 12 - Earth Ocean Climate: Introduction to Earth Science AND GEOL 12L - Earth Ocean Climate: Introduction to Earth Science Lab'],"[{'option': 1, 'groups': [{'group_conjunction': 'AND', 'courses': ['GEOL 12 - Earth Ocean Climate: Introduction to Earth Science', 'GEOL 12L - Earth Ocean Climate: Introduction to Earth Science Lab']}], 'courses': ['GEOL 12 - Earth Ocean Climate: Introduction to Earth Science', 'GEOL 12L - Earth Ocean Climate: Introduction to Earth Science Lab'], 'must_take_together': True}]",,[],bdbcc11a-3a07-447d-d0c1-08dd6d829ad0
2025-2026,Monterey Peninsula College,"California State University, Monterey Bay",Liberal Studies B.A.,"{""type"": ""Conjunction"", ""conjunction"": ""And"", ""id"": ""4725febf-270f-4145-cbbd-08dd6d829ac2"", ""selectionType"": ""Complete""}",,Course,MATH 100 - Quantitative Literacy,MATH 12 - Number Systems,['MATH 12 - Number Systems'],"[{'option': 1, 'groups': [{'group_conjunction': 'AND', 'courses': ['MATH 12 - Number Systems']}], 'courses': ['MATH 12 - Number Systems'], 'must_take_together': False}]",,[],712b0180-4346-4f0f-d0c2-08dd6d829ad0
2025-2026,Monterey Peninsula College,"California State University, Monterey Bay",Liberal Studies B.A.,"{""type"": ""Conjunction"", ""conjunction"": ""And"", ""id"": ""4725febf-270f-4145-cbbd-08dd6d829ac2"", ""selectionType"": ""Complete""}",,Course,HDFS 200 - Intro to Child Development,ECED 1 - Child Growth and Development,['ECED 1 - Child Growth and Development'],"[{'option': 1, 'groups': [{'group_conjunction': 'AND', 'courses': ['ECED 1 - Child Growth and Development']}], 'courses': ['ECED 1 - Child Growth and Development'], 'must_take_together': False}]",,[],6c0b98d3-df6d-4b52-da64-08dd88146341
2025-2026,Monterey Peninsula College,"California State University, Monterey Bay",Liberal Studies B.A.,"{""type"": ""Conjunction"", ""conjunction"": ""And"", ""id"": ""4725febf-270f-4145-cbbd-08dd6d829ac2"", ""selectionType"": ""Complete""}",,Course,LS 233 - Arts in the School and Community,ARTB 10 - Survey of the Arts,['ARTB 10 - Survey of the Arts'],"[{'option': 1, 'groups': [{'group_conjunction': 'AND', 'courses': ['ARTB 10 - Survey of the Arts']}], 'courses': ['ARTB 10 - Survey of the Arts'], 'must_take_together': False}]",,[],f0ccf25b-b50f-443c-da65-08dd88146341
2025-2026,Monterey Peninsula College,"California State University, Monterey Bay",Liberal Studies B.A.,,,Course,BUS 201 - Macro Economics,ECON 2 - Principles of Economics: Macro,['ECON 2 - Principles of Economics: Macro'],"[{'option': 1, 'groups': [{'group_conjunction': 'AND', 'courses': ['ECON 2 - Principles of Economics: Macro']}], 'courses': ['ECON 2 - Principles of Economics: Macro'], 'must_take_together': False}]",,[],244b9a13-7a6d-4781-da66-08dd88146341
2025-2026,Monterey Peninsula College,"California State University, Monterey Bay",Liberal Studies B.A.,,,Course,VPA 215 - Beginning Drawing,ARTS 10A - Drawing and Composition I,['ARTS 10A - Drawing and Composition I'],"[{'option': 1, 'groups': [{'group_conjunction': 'AND', 'courses': ['ARTS 10A - Drawing and Composition I']}], 'courses': ['ARTS 10A - Drawing and Composition I'], 'must_take_together': False}]",,[],dc383e6d-6b8a-4adb-da67-08dd88146341
2025-2026,Monterey Peninsula College,"California State University, Monterey Bay",Liberal Studies B.A.,,,Course,VPA 218 - Intro to Painting,ARTS 40A - Painting I,['ARTS 40A - Painting I'],"[{'option': 1, 'groups': [{'group_conjunction': 'AND', 'courses': ['ARTS 40A - Painting I']}], 'courses': ['ARTS 40A - Painting I'], 'must_take_together': False}]",,[],7909d4f5-79d9-45c2-da68-08dd88146341
2025-2026,Monterey Peninsula College,"California State University, Monterey Bay",Liberal Studies B.A.,,,Course,STAT 100 - Introduction to Statistics,((STAT C1000 - Introduction to Statistics) OR (PSYC 19 - Introduction to Statistics for the Social Sciences)) OR (SOCI 19 - Introduction to Statistics for the Social Sciences),"['STAT C1000 - Introduction to Statistics', 'PSYC 19 - Introduction to Statistics for the Social Sciences', 'SOCI 19 - Introduction to Statistics for the Social Sciences']","[{'option': 1, 'groups': [{'group_conjunction': 'AND', 'courses': ['STAT C1000 - Introduction to Statistics']}], 'courses': ['STAT C1000 - Introduction to Statistics'], 'must_take_together': False}, {'option': 2, 'groups': [{'group_conjunction': 'AND', 'courses': ['PSYC 19 - Introduction to Statistics for the Social Sciences']}], 'courses': ['PSYC 19 - Introduction to Statistics for the Social Sciences'], 'must_take_together': False}, {'option': 3, 'groups': [{'group_conjunction': 'AND', 'courses': ['SOCI 19 - Introduction to Statistics for the Social Sciences']}], 'courses': ['SOCI 19 - Introduction to Statistics for the Social Sciences'], 'must_take_together': False}]",,[],10c86b00-6055-4b33-da69-08dd88146341
2025-2026,Monterey Peninsula College,"California State University, Monterey Bay",Liberal Studies B.A.,,,Course,BUS 204 - Business Mathematics and Statistics,((STAT C1000 - Introduction to Statistics) OR (PSYC 19 - Introduction to Statistics for the Social Sciences)) OR (SOCI 19 - Introduction to Statistics for the Social Sciences),"['STAT C1000 - Introduction to Statistics', 'PSYC 19 - Introduction to Statistics for the Social Sciences', 'SOCI 19 - Introduction to Statistics for the Social Sciences']","[{'option': 1, 'groups': [{'group_conjunction': 'AND', 'courses': ['STAT C1000 - Introduction to Statistics']}], 'courses': ['STAT C1000 - Introduction to Statistics'], 'must_take_together': False}, {'option': 2, 'groups': [{'group_conjunction': 'AND', 'courses': ['PSYC 19 - Introduction to Statistics for the Social Sciences']}], 'courses': ['PSYC 19 - Introduction to Statistics for the Social Sciences'], 'must_take_together': False}, {'option': 3, 'groups': [{'group_conjunction': 'AND', 'courses': ['SOCI 19 - Introduction to Statistics for the Social Sciences']}], 'courses': ['SOCI 19 - Introduction to Statistics for the Social Sciences'], 'must_take_together': False}]",,[],0383df83-40f0-4fe4-da6a-08dd88146341
2025-2026,Monterey Peninsula College,"California State University, Monterey Bay",Liberal Studies B.A.,"{""type"": ""Conjunction"", ""conjunction"": ""And"", ""id"": ""4725febf-270f-4145-cbbd-08dd6d829ac2"", ""selectionType"": ""Complete""}",,Series,"PHYS 121, PHYS 121L",PHYS 12 - Integrated Physics and Chemistry,['PHYS 12 - Integrated Physics and Chemistry'],"[{'option': 1, 'groups': [{'group_conjunction': 'AND', 'courses': ['PHYS 12 - Integrated Physics and Chemistry']}], 'courses': ['PHYS 12 - Integrated Physics and Chemistry'], 'must_take_together': False}]",,[],403aea0c-51dd-4b4c-d0bf-08dd6d829ad0
2025-2026,Monterey Peninsula College,"California State University, Monterey Bay","Social Sciences B.A., Anthropology Concentration","{""type"": ""Conjunction"", ""conjunction"": ""And"", ""id"": ""a9356777-6fca-4c22-cbc0-08dd6d829ac2"", ""selectionType"": ""Complete""}",,Course,STAT 100 - Introduction to Statistics,((STAT C1000 - Introduction to Statistics) OR (PSYC 19 - Introduction to Statistics for the Social Sciences)) OR (SOCI 19 - Introduction to Statistics for the Social Sciences),"['STAT C1000 - Introduction to Statistics', 'PSYC 19 - Introduction to Statistics for the Social Sciences', 'SOCI 19 - Introduction to Statistics for the Social Sciences']","[{'option': 1, 'groups': [{'group_conjunction': 'AND', 'courses': ['STAT C1000 - Introduction to Statistics']}], 'courses': ['STAT C1000 - Introduction to Statistics'], 'must_take_together': False}, {'option': 2, 'groups': [{'group_conjunction': 'AND', 'courses': ['PSYC 19 - Introduction to Statistics for the Social Sciences']}], 'courses': ['PSYC 19 - Introduction to Statistics for the Social Sciences'], 'must_take_together': False}, {'option': 3, 'groups': [{'group_conjunction': 'AND', 'courses': ['SOCI 19 - Introduction to Statistics for the Social Sciences']}], 'courses': ['SOCI 19 - Introduction to Statistics for the Social Sciences'], 'must_take_together': False}]",,[],15941722-3d00-4f94-d0d1-08dd6d829ad0
2025-2026,Monterey Peninsula College,"California State University, Monterey Bay",Japanese Language and Culture B.A.,"{""type"": ""Conjunction"", ""conjunction"": ""And"", ""id"": ""284453a4-c32c-4369-cbc2-08dd6d829ac2"", ""selectionType"": ""Complete""}",,Course,JAPN 201 - Intermediate Japanese I,JPNS 2A - Intermediate Japanese,['JPNS 2A - Intermediate Japanese'],"[{'option': 1, 'groups': [{'group_conjunction': 'AND', 'courses': ['JPNS 2A - Intermediate Japanese']}], 'courses': ['JPNS 2A - Intermediate Japanese'], 'must_take_together': False}]",,[],f7c2601e-2200-4ade-d0e6-08dd6d829ad0
2025-2026,Monterey Peninsula College,"California State University, Monterey Bay",Japanese Language and Culture B.A.,"{""type"": ""Conjunction"", ""conjunction"": ""And"", ""id"": ""284453a4-c32c-4369-cbc2-08dd6d829ac2"", ""selectionType"": ""Complete""}",,Course,JAPN 101 - Beginning Japanese I,JPNS 1A - Elementary Japanese I,['JPNS 1A - Elementary Japanese I'],"[{'option': 1, 'groups': [{'group_conjunction': 'AND', 'courses': ['JPNS 1A - Elementary Japanese I']}], 'courses': ['JPNS 1A - Elementary Japanese I'], 'must_take_together': False}]",,[],7a92b937-c9c1-4c35-d0e7-08dd6d829ad0
2025-2026,Monterey Peninsula College,"California State University, Monterey Bay",Japanese Language and Culture B.A.,"{""type"": ""Conjunction"", ""conjunction"": ""And"", ""id"": ""284453a4-c32c-4369-cbc2-08dd6d829ac2"", ""selectionType"": ""Complete""}",,Course,JAPN 102 - Beginning Japanese II,JPNS 1B - Elementary Japanese II,['JPNS 1B - Elementary Japanese II'],"[{'option': 1, 'groups': [{'group_conjunction': 'AND', 'courses': ['JPNS 1B - Elementary Japanese II']}], 'courses': ['JPNS 1B - Elementary Japanese II'], 'must_take_together': False}]",,[],af904003-4657-464e-d0e8-08dd6d829ad0
2025-2026,Monterey Peninsula College,"California State University, Monterey Bay","Business Administration B.S., Marketing Concentration","{""type"": ""Conjunction"", ""conjunction"": ""And"", ""id"": ""484ebddc-e122-4fc8-cbc3-08dd6d829ac2"", ""selectionType"": ""Complete""}",,Course,MATH 115 - Finite Mathematics,(MATH 17 - Finite Mathematics) OR (MATH 18 - Calculus and Analytic Geometry for the Biological/Social Science/Business),"['MATH 17 - Finite Mathematics', 'MATH 18 - Calculus and Analytic Geometry for the Biological/Social Science/Business']","[{'option': 1, 'groups': [{'group_conjunction': 'AND', 'courses': ['MATH 17 - Finite Mathematics']}], 'courses': ['MATH 17 - Finite Mathematics'], 'must_take_together': False}, {'option': 2, 'groups': [{'group_conjunction': 'AND', 'courses': ['MATH 18 - Calculus and Analytic Geometry for the Biological/Social Science/Business']}], 'courses': ['MATH 18 - Calculus and Analytic Geometry for the Biological/Social Science/Business'], 'must_take_together': False}]",,[],33b1e484-a4a8-46ab-d0e9-08dd6d829ad0
2025-2026,Monterey Peninsula College,"California State University, Monterey Bay","Business Administration B.S., Marketing Concentration","{""type"": ""Conjunction"", ""conjunction"": ""And"", ""id"": ""484ebddc-e122-4fc8-cbc3-08dd6d829ac2"", ""selectionType"": ""Complete""}",,Course,MATH 130 - Precalculus,MATH 13 - Pre-Calculus,['MATH 13 - Pre-Calculus'],"[{'option': 1, 'groups': [{'group_conjunction': 'AND', 'courses': ['MATH 13 - Pre-Calculus']}], 'courses': ['MATH 13 - Pre-Calculus'], 'must_take_together': False}]",,[],17a433cf-e525-4910-d0ea-08dd6d829ad0
2025-2026,Monterey Peninsula College,"California State University, Monterey Bay","Business Administration B.S., Marketing Concentration","{""type"": ""Conjunction"", ""conjunction"": ""And"", ""id"": ""484ebddc-e122-4fc8-cbc3-08dd6d829ac2"", ""selectionType"": ""Complete""}",,Course,MATH 150 - Calculus I,MATH 20A - Calculus with Analytic Geometry I,['MATH 20A - Calculus with Analytic Geometry I'],"[{'option': 1, 'groups': [{'group_conjunction': 'AND', 'courses': ['MATH 20A - Calculus with Analytic Geometry I']}], 'courses': ['MATH 20A - Calculus with Analytic Geometry I'], 'must_take_together': False}]",,[],802c3efb-8edc-47ea-d0eb-08dd6d829ad0
2025-2026,Monterey Peninsula College,"California State University, Monterey Bay","Business Administration B.S., Marketing Concentration","{""type"": ""Conjunction"", ""conjunction"": ""And"", ""id"": ""484ebddc-e122-4fc8-cbc3-08dd6d829ac2"", ""selectionType"": ""Complete""}",,Course,BUS 206 - Business Law,BUSI 4 - Business Law,['BUSI 4 - Business Law'],"[{'option': 1, 'groups': [{'group_conjunction': 'AND', 'courses': ['BUSI 4 - Business Law']}], 'courses': ['BUSI 4 - Business Law'], 'must_take_together': False}]",,[],133d48bb-edea-4b43-d0ec-08dd6d829ad0
2025-2026,Monterey Peninsula College,"California State University, Monterey Bay","Business Administration B.S., Marketing Concentration","{""type"": ""Conjunction"", ""conjunction"": ""And"", ""id"": ""484ebddc-e122-4fc8-cbc3-08dd6d829ac2"", ""selectionType"": ""Complete""}",,Course,BUS 200 - Personal & Professional Responsibility,BUSI 1 - Introduction to Business,['BUSI 1 - Introduction to Business'],"[{'option': 1, 'groups': [{'group_conjunction': 'AND', 'courses': ['BUSI 1 - Introduction to Business']}], 'courses': ['BUSI 1 - Introduction to Business'], 'must_take_together': False}]",,[],b9c8e441-0c3f-44c1-d0ed-08dd6d829ad0
2025-2026,Monterey Peninsula College,"California State University, Monterey Bay","Business Administration B.S., Marketing Concentration","{""type"": ""Conjunction"", ""conjunction"": ""And"", ""id"": ""484ebddc-e122-4fc8-cbc3-08dd6d829ac2"", ""selectionType"": ""Complete""}",,Course,BUS 202 - Micro Economics,ECON 4 - Principles of Economics: Micro,['ECON 4 - Principles of Economics: Micro'],"[{'option': 1, 'groups': [{'group_conjunction': 'AND', 'courses': ['ECON 4 - Principles of Economics: Micro']}], 'courses': ['ECON 4 - Principles of Economics: Micro'], 'must_take_together': False}]",,[],f67c7dd7-e70c-4d07-d0ee-08dd6d829ad0
2025-2026,Monterey Peninsula College,"California State University, Monterey Bay","Business Administration B.S., Marketing Concentration","{""type"": ""Conjunction"", ""conjunction"": ""And"", ""id"": ""484ebddc-e122-4fc8-cbc3-08dd6d829ac2"", ""selectionType"": ""Complete""}",,Course,BUS 201 - Macro Economics,ECON 2 - Principles of Economics: Macro,['ECON 2 - Principles of Economics: Macro'],"[{'option': 1, 'groups': [{'group_conjunction': 'AND', 'courses': ['ECON 2 - Principles of Economics: Macro']}], 'courses': ['ECON 2 - Principles of Economics: Macro'], 'must_take_together': False}]",,[],353827f9-6df4-4a37-d0ef-08dd6d829ad0
2025-2026,Monterey Peninsula College,"California State University, Monterey Bay","Business Administration B.S., Marketing Concentration","{""type"": ""Conjunction"", ""conjunction"": ""And"", ""id"": ""484ebddc-e122-4fc8-cbc3-08dd6d829ac2"", ""selectionType"": ""Complete""}",,Course,BUS 205 - Managerial Accounting,BUSI 3B - Managerial Accounting,['BUSI 3B - Managerial Accounting'],"[{'option': 1, 'groups': [{'group_conjunction': 'AND', 'courses': ['BUSI 3B - Managerial Accounting']}], 'courses': ['BUSI 3B - Managerial Accounting'], 'must_take_together': False}]",,[],1660ae19-dff3-4350-d0f0-08dd6d829ad0
2025-2026,Monterey Peninsula College,"California State University, Monterey Bay","Business Administration B.S., Marketing Concentration","{""type"": ""Conjunction"", ""conjunction"": ""And"", ""id"": ""484ebddc-e122-4fc8-cbc3-08dd6d829ac2"", ""selectionType"": ""Complete""}",,Course,BUS 203 - Financial Accounting,BUSI 3A - Financial Accounting,['BUSI 3A - Financial Accounting'],"[{'option': 1, 'groups': [{'group_conjunction': 'AND', 'courses': ['BUSI 3A - Financial Accounting']}], 'courses': ['BUSI 3A - Financial Accounting'], 'must_take_together': False}]",,[],35bb0406-3e6e-4008-d0f1-08dd6d829ad0
2025-2026,Monterey Peninsula College,"California State University, Monterey Bay","Business Administration B.S., Marketing Concentration","{""type"": ""Conjunction"", ""conjunction"": ""And"", ""id"": ""484ebddc-e122-4fc8-cbc3-08dd6d829ac2"", ""selectionType"": ""Complete""}",,Course,BUS 204 - Business Mathematics and Statistics,((STAT C1000 - Introduction to Statistics) OR (PSYC 19 - Introduction to Statistics for the Social Sciences)) OR (SOCI 19 - Introduction to Statistics for the Social Sciences),"['STAT C1000 - Introduction to Statistics', 'PSYC 19 - Introduction to Statistics for the Social Sciences', 'SOCI 19 - Introduction to Statistics for the Social Sciences']","[{'option': 1, 'groups': [{'group_conjunction': 'AND', 'courses': ['STAT C1000 - Introduction to Statistics']}], 'courses': ['STAT C1000 - Introduction to Statistics'], 'must_take_together': False}, {'option': 2, 'groups': [{'group_conjunction': 'AND', 'courses': ['PSYC 19 - Introduction to Statistics for the Social Sciences']}], 'courses': ['PSYC 19 - Introduction to Statistics for the Social Sciences'], 'must_take_together': False}, {'option': 3, 'groups': [{'group_conjunction': 'AND', 'courses': ['SOCI 19 - Introduction to Statistics for the Social Sciences']}], 'courses': ['SOCI 19 - Introduction to Statistics for the Social Sciences'], 'must_take_together': False}]",,[],77880c60-88b4-4ef2-d0f2-08dd6d829ad0
2025-2026,Monterey Peninsula College,"California State University, Monterey Bay","Business Administration B.S., Marketing Concentration","{""type"": ""Conjunction"", ""conjunction"": ""And"", ""id"": ""484ebddc-e122-4fc8-cbc3-08dd6d829ac2"", ""selectionType"": ""Complete""}",,Course,STAT 100 - Introduction to Statistics,((STAT C1000 - Introduction to Statistics) OR (PSYC 19 - Introduction to Statistics for the Social Sciences)) OR (SOCI 19 - Introduction to Statistics for the Social Sciences),"['STAT C1000 - Introduction to Statistics', 'PSYC 19 - Introduction to Statistics for the Social Sciences', 'SOCI 19 - Introduction to Statistics for the Social Sciences']","[{'option': 1, 'groups': [{'group_conjunction': 'AND', 'courses': ['STAT C1000 - Introduction to Statistics']}], 'courses': ['STAT C1000 - Introduction to Statistics'], 'must_take_together': False}, {'option': 2, 'groups': [{'group_conjunction': 'AND', 'courses': ['PSYC 19 - Introduction to Statistics for the Social Sciences']}], 'courses': ['PSYC 19 - Introduction to Statistics for the Social Sciences'], 'must_take_together': False}, {'option': 3, 'groups': [{'group_conjunction': 'AND', 'courses': ['SOCI 19 - Introduction to Statistics for the Social Sciences']}], 'courses': ['SOCI 19 - Introduction to Statistics for the Social Sciences'], 'must_take_together': False}]",,[],f421ffbb-60f0-43b3-d0f3-08dd6d829ad0
2025-2026,Monterey Peninsula College,"California State University, Monterey Bay","Business Administration B.S., Business Analytics & Information Systems Concentration","{""type"": ""Conjunction"", ""conjunction"": ""And"", ""id"": ""391253cd-2b99-4beb-cbc4-08dd6d829ac2"", ""selectionType"": ""Complete""}",,Course,MATH 115 - Finite Mathematics,(MATH 17 - Finite Mathematics) OR (MATH 18 - Calculus and Analytic Geometry for the Biological/Social Science/Business),"['MATH 17 - Finite Mathematics', 'MATH 18 - Calculus and Analytic Geometry for the Biological/Social Science/Business']","[{'option': 1, 'groups': [{'group_conjunction': 'AND', 'courses': ['MATH 17 - Finite Mathematics']}], 'courses': ['MATH 17 - Finite Mathematics'], 'must_take_together': False}, {'option': 2, 'groups': [{'group_conjunction': 'AND', 'courses': ['MATH 18 - Calculus and Analytic Geometry for the Biological/Social Science/Business']}], 'courses': ['MATH 18 - Calculus and Analytic Geometry for the Biological/Social Science/Business'], 'must_take_together': False}]",,[],89cd86ce-bd5f-4ef6-d0f4-08dd6d829ad0
2025-2026,Monterey Peninsula College,"California State University, Monterey Bay","Business Administration B.S., Business Analytics & Information Systems Concentration","{""type"": ""Conjunction"", ""conjunction"": ""And"", ""id"": ""391253cd-2b99-4beb-cbc4-08dd6d829ac2"", ""selectionType"": ""Complete""}",,Course,MATH 130 - Precalculus,MATH 13 - Pre-Calculus,['MATH 13 - Pre-Calculus'],"[{'option': 1, 'groups': [{'group_conjunction': 'AND', 'courses': ['MATH 13 - Pre-Calculus']}], 'courses': ['MATH 13 - Pre-Calculus'], 'must_take_together': False}]",,[],cd53f760-b15e-4526-d0f5-08dd6d829ad0
2025-2026,Monterey Peninsula College,"California State University, Monterey Bay","Business Administration B.S., Business Analytics & Information Systems Concentration","{""type"": ""Conjunction"", ""conjunction"": ""And"", ""id"": ""391253cd-2b99-4beb-cbc4-08dd6d829ac2"", ""selectionType"": ""Complete""}",,Course,MATH 150 - Calculus I,MATH 20A - Calculus with Analytic Geometry I,['MATH 20A - Calculus with Analytic Geometry I'],"[{'option': 1, 'groups': [{'group_conjunction': 'AND', 'courses': ['MATH 20A - Calculus with Analytic Geometry I']}], 'courses': ['MATH 20A - Calculus with Analytic Geometry I'], 'must_take_together': False}]",,[],3995ae87-cb28-4ff2-d0f6-08dd6d829ad0
2025-2026,Monterey Peninsula College,"California State University, Monterey Bay","Business Administration B.S., Business Analytics & Information Systems Concentration","{""type"": ""Conjunction"", ""conjunction"": ""And"", ""id"": ""391253cd-2b99-4beb-cbc4-08dd6d829ac2"", ""selectionType"": ""Complete""}",,Course,BUS 203 - Financial Accounting,BUSI 3A - Financial Accounting,['BUSI 3A - Financial Accounting'],"[{'option': 1, 'groups': [{'group_conjunction': 'AND', 'courses': ['BUSI 3A - Financial Accounting']}], 'courses': ['BUSI 3A - Financial Accounting'], 'must_take_together': False}]",,[],045a604d-76d7-4651-d0f7-08dd6d829ad0
2025-2026,Monterey Peninsula College,"California State University, Monterey Bay","Business Administration B.S., Business Analytics & Information Systems Concentration","{""type"": ""Conjunction"", ""conjunction"": ""And"", ""id"": ""391253cd-2b99-4beb-cbc4-08dd6d829ac2"", ""selectionType"": ""Complete""}",,Course,BUS 202 - Micro Economics,ECON 4 - Principles of Economics: Micro,['ECON 4 - Principles of Economics: Micro'],"[{'option': 1, 'groups': [{'group_conjunction': 'AND', 'courses': ['ECON 4 - Principles of Economics: Micro']}], 'courses': ['ECON 4 - Principles of Economics: Micro'], 'must_take_together': False}]",,[],b83ae9f0-a37e-4c04-d0f8-08dd6d829ad0
2025-2026,Monterey Peninsula College,"California State University, Monterey Bay","Business Administration B.S., Business Analytics & Information Systems Concentration","{""type"": ""Conjunction"", ""conjunction"": ""And"", ""id"": ""391253cd-2b99-4beb-cbc4-08dd6d829ac2"", ""selectionType"": ""Complete""}",,Course,BUS 206 - Business Law,BUSI 4 - Business Law,['BUSI 4 - Business Law'],"[{'option': 1, 'groups': [{'group_conjunction': 'AND', 'courses': ['BUSI 4 - Business Law']}], 'courses': ['BUSI 4 - Business Law'], 'must_take_together': False}]",,[],798f30e0-7377-4e7b-d0f9-08dd6d829ad0
2025-2026,Monterey Peninsula College,"California State University, Monterey Bay","Business Administration B.S., Business Analytics & Information Systems Concentration","{""type"": ""Conjunction"", ""conjunction"": ""And"", ""id"": ""391253cd-2b99-4beb-cbc4-08dd6d829ac2"", ""selectionType"": ""Complete""}",,Course,BUS 200 - Personal & Professional Responsibility,BUSI 1 - Introduction to Business,['BUSI 1 - Introduction to Business'],"[{'option': 1, 'groups': [{'group_conjunction': 'AND', 'courses': ['BUSI 1 - Introduction to Business']}], 'courses': ['BUSI 1 - Introduction to Business'], 'must_take_together': False}]",,[],8e106a36-7cb6-4209-d0fa-08dd6d829ad0
2025-2026,Monterey Peninsula College,"California State University, Monterey Bay","Business Administration B.S., Business Analytics & Information Systems Concentration","{""type"": ""Conjunction"", ""conjunction"": ""And"", ""id"": ""391253cd-2b99-4beb-cbc4-08dd6d829ac2"", ""selectionType"": ""Complete""}",,Course,BUS 205 - Managerial Accounting,BUSI 3B - Managerial Accounting,['BUSI 3B - Managerial Accounting'],"[{'option': 1, 'groups': [{'group_conjunction': 'AND', 'courses': ['BUSI 3B - Managerial Accounting']}], 'courses': ['BUSI 3B - Managerial Accounting'], 'must_take_together': False}]",,[],128f9580-4131-4f57-d0fb-08dd6d829ad0
2025-2026,Monterey Peninsula College,"California State University, Monterey Bay","Business Administration B.S., Business Analytics & Information Systems Concentration","{""type"": ""Conjunction"", ""conjunction"": ""And"", ""id"": ""391253cd-2b99-4beb-cbc4-08dd6d829ac2"", ""selectionType"": ""Complete""}",,Course,BUS 201 - Macro Economics,ECON 2 - Principles of Economics: Macro,['ECON 2 - Principles of Economics: Macro'],"[{'option': 1, 'groups': [{'group_conjunction': 'AND', 'courses': ['ECON 2 - Principles of Economics: Macro']}], 'courses': ['ECON 2 - Principles of Economics: Macro'], 'must_take_together': False}]",,[],c81a6def-196a-4e34-d0fc-08dd6d829ad0
2025-2026,Monterey Peninsula College,"California State University, Monterey Bay","Business Administration B.S., Business Analytics & Information Systems Concentration","{""type"": ""Conjunction"", ""conjunction"": ""And"", ""id"": ""391253cd-2b99-4beb-cbc4-08dd6d829ac2"", ""selectionType"": ""Complete""}",,Course,BUS 204 - Business Mathematics and Statistics,((STAT C1000 - Introduction to Statistics) OR (PSYC 19 - Introduction to Statistics for the Social Sciences)) OR (SOCI 19 - Introduction to Statistics for the Social Sciences),"['STAT C1000 - Introduction to Statistics', 'PSYC 19 - Introduction to Statistics for the Social Sciences', 'SOCI 19 - Introduction to Statistics for the Social Sciences']","[{'option': 1, 'groups': [{'group_conjunction': 'AND', 'courses': ['STAT C1000 - Introduction to Statistics']}], 'courses': ['STAT C1000 - Introduction to Statistics'], 'must_take_together': False}, {'option': 2, 'groups': [{'group_conjunction': 'AND', 'courses': ['PSYC 19 - Introduction to Statistics for the Social Sciences']}], 'courses': ['PSYC 19 - Introduction to Statistics for the Social Sciences'], 'must_take_together': False}, {'option': 3, 'groups': [{'group_conjunction': 'AND', 'courses': ['SOCI 19 - Introduction to Statistics for the Social Sciences']}], 'courses': ['SOCI 19 - Introduction to Statistics for the Social Sciences'], 'must_take_together': False}]",,[],f44a947b-0db9-4766-d0fd-08dd6d829ad0
2025-2026,Monterey Peninsula College,"California State University, Monterey Bay","Business Administration B.S., Business Analytics & Information Systems Concentration","{""type"": ""Conjunction"", ""conjunction"": ""And"", ""id"": ""391253cd-2b99-4beb-cbc4-08dd6d829ac2"", ""selectionType"": ""Complete""}",,Course,STAT 100 - Introduction to Statistics,((STAT C1000 - Introduction to Statistics) OR (PSYC 19 - Introduction to Statistics for the Social Sciences)) OR (SOCI 19 - Introduction to Statistics for the Social Sciences),"['STAT C1000 - Introduction to Statistics', 'PSYC 19 - Introduction to Statistics for the Social Sciences', 'SOCI 19 - Introduction to Statistics for the Social Sciences']","[{'option': 1, 'groups': [{'group_conjunction': 'AND', 'courses': ['STAT C1000 - Introduction to Statistics']}], 'courses': ['STAT C1000 - Introduction to Statistics'], 'must_take_together': False}, {'option': 2, 'groups': [{'group_conjunction': 'AND', 'courses': ['PSYC 19 - Introduction to Statistics for the Social Sciences']}], 'courses': ['PSYC 19 - Introduction to Statistics for the Social Sciences'], 'must_take_together': False}, {'option': 3, 'groups': [{'group_conjunction': 'AND', 'courses': ['SOCI 19 - Introduction to Statistics for the Social Sciences']}], 'courses': ['SOCI 19 - Introduction to Statistics for the Social Sciences'], 'must_take_together': False}]",,[],9ee97a51-0305-42bd-d0fe-08dd6d829ad0
2025-2026,Monterey Peninsula College,"California State University, Monterey Bay",Psychology B.A.,"{""type"": ""Conjunction"", ""conjunction"": ""And"", ""id"": ""175018c1-f6e8-4e8c-cbca-08dd6d829ac2"", ""selectionType"": ""Complete""}",,Course,PSY 100 - Introduction to Psychology,PSYC C1000 - Introduction to Psychology,['PSYC C1000 - Introduction to Psychology'],"[{'option': 1, 'groups': [{'group_conjunction': 'AND', 'courses': ['PSYC C1000 - Introduction to Psychology']}], 'courses': ['PSYC C1000 - Introduction to Psychology'], 'must_take_together': False}]",,[],bb6ef143-d378-45b6-d147-08dd6d829ad0
2025-2026,Monterey Peninsula College,"California State University, Monterey Bay",Psychology B.A.,"{""type"": ""Conjunction"", ""conjunction"": ""And"", ""id"": ""175018c1-f6e8-4e8c-cbca-08dd6d829ac2"", ""selectionType"": ""Complete""}",,Course,STAT 100 - Introduction to Statistics,((STAT C1000 - Introduction to Statistics) OR (PSYC 19 - Introduction to Statistics for the Social Sciences)) OR (SOCI 19 - Introduction to Statistics for the Social Sciences),"['STAT C1000 - Introduction to Statistics', 'PSYC 19 - Introduction to Statistics for the Social Sciences', 'SOCI 19 - Introduction to Statistics for the Social Sciences']","[{'option': 1, 'groups': [{'group_conjunction': 'AND', 'courses': ['STAT C1000 - Introduction to Statistics']}], 'courses': ['STAT C1000 - Introduction to Statistics'], 'must_take_together': False}, {'option': 2, 'groups': [{'group_conjunction': 'AND', 'courses': ['PSYC 19 - Introduction to Statistics for the Social Sciences']}], 'courses': ['PSYC 19 - Introduction to Statistics for the Social Sciences'], 'must_take_together': False}, {'option': 3, 'groups': [{'group_conjunction': 'AND', 'courses': ['SOCI 19 - Introduction to Statistics for the Social Sciences']}], 'courses': ['SOCI 19 - Introduction to Statistics for the Social Sciences'], 'must_take_together': False}]",,[],7c89af55-ca15-4b1c-d148-08dd6d829ad0
2025-2026,Monterey Peninsula College,"California State University, Monterey Bay",Psychology B.A.,,,Course,HDFS 200 - Intro to Child Development,ECED 1 - Child Growth and Development,['ECED 1 - Child Growth and Development'],"[{'option': 1, 'groups': [{'group_conjunction': 'AND', 'courses': ['ECED 1 - Child Growth and Development']}], 'courses': ['ECED 1 - Child Growth and Development'], 'must_take_together': False}]",,[],08aa1803-c2fb-4a3a-c7c2-08dd86a9c1a6
2025-2026,Monterey Peninsula College,"California State University, Monterey Bay",Psychology B.A.,"{""type"": ""Conjunction"", ""conjunction"": ""And"", ""id"": ""175018c1-f6e8-4e8c-cbca-08dd6d829ac2"", ""selectionType"": ""Complete""}",,Series,"PSY 200, PSY 200L",PSYC 10 - Introduction to Research Methods in Psychology With Lab,['PSYC 10 - Introduction to Research Methods in Psychology With Lab'],"[{'option': 1, 'groups': [{'group_conjunction': 'AND', 'courses': ['PSYC 10 - Introduction to Research Methods in Psychology With Lab']}], 'courses': ['PSYC 10 - Introduction to Research Methods in Psychology With Lab'], 'must_take_together': False}]",,[],34d6269f-7dfa-47c2-d146-08dd6d829ad0
2025-2026,Monterey Peninsula College,"California State University, Monterey Bay","Social Sciences B.A., Social History Concentration","{""type"": ""Conjunction"", ""conjunction"": ""And"", ""id"": ""a20ca0ee-103e-4aa4-cbc8-08dd6d829ac2"", ""selectionType"": ""Complete""}",,Course,STAT 100 - Introduction to Statistics,((STAT C1000 - Introduction to Statistics) OR (PSYC 19 - Introduction to Statistics for the Social Sciences)) OR (SOCI 19 - Introduction to Statistics for the Social Sciences),"['STAT C1000 - Introduction to Statistics', 'PSYC 19 - Introduction to Statistics for the Social Sciences', 'SOCI 19 - Introduction to Statistics for the Social Sciences']","[{'option': 1, 'groups': [{'group_conjunction': 'AND', 'courses': ['STAT C1000 - Introduction to Statistics']}], 'courses': ['STAT C1000 - Introduction to Statistics'], 'must_take_together': False}, {'option': 2, 'groups': [{'group_conjunction': 'AND', 'courses': ['PSYC 19 - Introduction to Statistics for the Social Sciences']}], 'courses': ['PSYC 19 - Introduction to Statistics for the Social Sciences'], 'must_take_together': False}, {'option': 3, 'groups': [{'group_conjunction': 'AND', 'courses': ['SOCI 19 - Introduction to Statistics for the Social Sciences']}], 'courses': ['SOCI 19 - Introduction to Statistics for the Social Sciences'], 'must_take_together': False}]",,[],8e6bbfd5-2ffe-4c61-d130-08dd6d829ad0
2025-2026,Monterey Peninsula College,"California State University, Monterey Bay","Humanities & Communication, B.A., Journalism & Media Studies Concentration","{""type"": ""Conjunction"", ""conjunction"": ""And"", ""id"": ""4e36757e-acc5-489d-cbc9-08dd6d829ac2"", ""selectionType"": ""Complete""}",,Course,HCOM 170 - Intro to Mass Communication,COMM 5 - Mass Media Methods,['COMM 5 - Mass Media Methods'],"[{'option': 1, 'groups': [{'group_conjunction': 'AND', 'courses': ['COMM 5 - Mass Media Methods']}], 'courses': ['COMM 5 - Mass Media Methods'], 'must_take_together': False}]",,[],49f6ceb0-5a86-4c89-d139-08dd6d829ad0
2025-2026,Monterey Peninsula College,"California State University, Monterey Bay",Mechatronics Engineering B.S.,"{""type"": ""Conjunction"", ""conjunction"": ""And"", ""id"": ""33b153e0-7a6e-4fa7-cbb9-08dd6d829ac2"", ""selectionType"": ""Complete""}",,Course,MATH 150 - Calculus I,MATH 20A - Calculus with Analytic Geometry I,['MATH 20A - Calculus with Analytic Geometry I'],"[{'option': 1, 'groups': [{'group_conjunction': 'AND', 'courses': ['MATH 20A - Calculus with Analytic Geometry I']}], 'courses': ['MATH 20A - Calculus with Analytic Geometry I'], 'must_take_together': False}]",,[],5c9f29cb-d568-44d3-d08b-08dd6d829ad0
2025-2026,Monterey Peninsula College,"California State University, Monterey Bay",Mechatronics Engineering B.S.,"{""type"": ""Conjunction"", ""conjunction"": ""And"", ""id"": ""33b153e0-7a6e-4fa7-cbb9-08dd6d829ac2"", ""selectionType"": ""Complete""}",,Course,MATH 151 - Calculus II,MATH 20B - Calculus with Analytic Geometry II,['MATH 20B - Calculus with Analytic Geometry II'],"[{'option': 1, 'groups': [{'group_conjunction': 'AND', 'courses': ['MATH 20B - Calculus with Analytic Geometry II']}], 'courses': ['MATH 20B - Calculus with Analytic Geometry II'], 'must_take_together': False}]",,[],63ec92e2-8d56-49e0-d08c-08dd6d829ad0
2025-2026,Monterey Peninsula College,"California State University, Monterey Bay",Mechatronics Engineering B.S.,"{""type"": ""Conjunction"", ""conjunction"": ""And"", ""id"": ""33b153e0-7a6e-4fa7-cbb9-08dd6d829ac2"", ""selectionType"": ""Complete""}",,Course,MATH 250 - Multivariate Calculus,MATH 20C - Calculus of Several Variables,['MATH 20C - Calculus of Several Variables'],"[{'option': 1, 'groups': [{'group_conjunction': 'AND', 'courses': ['MATH 20C - Calculus of Several Variables']}], 'courses': ['MATH 20C - Calculus of Several Variables'], 'must_take_together': False}]",,[],e62bfd24-ecdd-4945-d08d-08dd6d829ad0
2025-2026,Monterey Peninsula College,"California State University, Monterey Bay",Mechatronics Engineering B.S.,"{""type"": ""Conjunction"", ""conjunction"": ""And"", ""id"": ""33b153e0-7a6e-4fa7-cbb9-08dd6d829ac2"", ""selectionType"": ""Complete""}",,Course,MATH 265 - Differential Equations and Linear Algebra,MATH 32 - Differential Equations AND MATH 31 - Linear Algebra,['MATH 32 - Differential Equations AND MATH 31 - Linear Algebra'],"[{'option': 1, 'groups': [{'group_conjunction': 'AND', 'courses': ['MATH 32 - Differential Equations', 'MATH 31 - Linear Algebra']}], 'courses': ['MATH 32 - Differential Equations', 'MATH 31 - Linear Algebra'], 'must_take_together': True}]",,[],6107702f-715f-4230-d08e-08dd6d829ad0
2025-2026,Monterey Peninsula College,"California State University, Monterey Bay",Mechatronics Engineering B.S.,"{""type"": ""Conjunction"", ""conjunction"": ""And"", ""id"": ""33b153e0-7a6e-4fa7-cbb9-08dd6d829ac2"", ""selectionType"": ""Complete""}",,Course,CST 231 - Problem Solving and Programming,((CSCI 10A - Programming Methods I: JAVA) OR (CSCI 10C - Programming Methods 1.5 - C and C++)) OR (CSCI 9 - Programming Fundamentals: Python),"['CSCI 10A - Programming Methods I: JAVA', 'CSCI 10C - Programming Methods 1.5 - C and C++', 'CSCI 9 - Programming Fundamentals: Python']","[{'option': 1, 'groups': [{'group_conjunction': 'AND', 'courses': ['CSCI 10A - Programming Methods I: JAVA']}], 'courses': ['CSCI 10A - Programming Methods I: JAVA'], 'must_take_together': False}, {'option': 2, 'groups': [{'group_conjunction': 'AND', 'courses': ['CSCI 10C - Programming Methods 1.5 - C and C++']}], 'courses': ['CSCI 10C - Programming Methods 1.5 - C and C++'], 'must_take_together': False}, {'option': 3, 'groups': [{'group_conjunction': 'AND', 'courses': ['CSCI 9 - Programming Fundamentals: Python']}], 'courses': ['CSCI 9 - Programming Fundamentals: Python'], 'must_take_together': False}]",,[],b8491810-3091-4291-d090-08dd6d829ad0
2025-2026,Monterey Peninsula College,"California State University, Monterey Bay",Mechatronics Engineering B.S.,"{""type"": ""Conjunction"", ""conjunction"": ""And"", ""id"": ""33b153e0-7a6e-4fa7-cbb9-08dd6d829ac2"", ""selectionType"": ""Complete""}",,Course,CST 238 - Introduction to Data Structure,CSCI 10B - Programming Methods II: JAVA,['CSCI 10B - Programming Methods II: JAVA'],"[{'option': 1, 'groups': [{'group_conjunction': 'AND', 'courses': ['CSCI 10B - Programming Methods II: JAVA']}], 'courses': ['CSCI 10B - Programming Methods II: JAVA'], 'must_take_together': False}]",,[],b356ae76-a9e6-4311-d091-08dd6d829ad0
2025-2026,Monterey Peninsula College,"California State University, Monterey Bay",Mechatronics Engineering B.S.,"{""type"": ""Conjunction"", ""conjunction"": ""And"", ""id"": ""33b153e0-7a6e-4fa7-cbb9-08dd6d829ac2"", ""selectionType"": ""Complete""}",,Course,ENGR 130 - Statics,ENGR 8 - Engineering Statics,['ENGR 8 - Engineering Statics'],"[{'option': 1, 'groups': [{'group_conjunction': 'AND', 'courses': ['ENGR 8 - Engineering Statics']}], 'courses': ['ENGR 8 - Engineering Statics'], 'must_take_together': False}]",,[],05929d5f-bbad-4904-d092-08dd6d829ad0
2025-2026,Monterey Peninsula College,"California State University, Monterey Bay",Mechatronics Engineering B.S.,"{""type"": ""Conjunction"", ""conjunction"": ""And"", ""id"": ""33b153e0-7a6e-4fa7-cbb9-08dd6d829ac2"", ""selectionType"": ""Complete""}",,Course,ENGR 150 - Engineering Graphics,ENGR 2 - Engineering Design Graphics,['ENGR 2 - Engineering Design Graphics'],"[{'option': 1, 'groups': [{'group_conjunction': 'AND', 'courses': ['ENGR 2 - Engineering Design Graphics']}], 'courses': ['ENGR 2 - Engineering Design Graphics'], 'must_take_together': False}]",,[],d644f8d4-e786-4bea-d093-08dd6d829ad0
2025-2026,Monterey Peninsula College,"California State University, Monterey Bay",Mechatronics Engineering B.S.,"{""type"": ""Conjunction"", ""conjunction"": ""And"", ""id"": ""33b153e0-7a6e-4fa7-cbb9-08dd6d829ac2"", ""selectionType"": ""Complete""}",,Course,PHYS 205 - Physics for Engineeers I,PHYS 3A - Science and Engineering Physics I,['PHYS 3A - Science and Engineering Physics I'],"[{'option': 1, 'groups': [{'group_conjunction': 'AND', 'courses': ['PHYS 3A - Science and Engineering Physics I']}], 'courses': ['PHYS 3A - Science and Engineering Physics I'], 'must_take_together': False}]",,[],53ead17e-0442-42ac-d098-08dd6d829ad0
2025-2026,Monterey Peninsula College,"California State University, Monterey Bay",Mechatronics Engineering B.S.,"{""type"": ""Conjunction"", ""conjunction"": ""And"", ""id"": ""33b153e0-7a6e-4fa7-cbb9-08dd6d829ac2"", ""selectionType"": ""Complete""}",,Course,PHYS 210 - Physics for Engineers II,PHYS 3B - Science and Engineering Physics II,['PHYS 3B - Science and Engineering Physics II'],"[{'option': 1, 'groups': [{'group_conjunction': 'AND', 'courses': ['PHYS 3B - Science and Engineering Physics II']}], 'courses': ['PHYS 3B - Science and Engineering Physics II'], 'must_take_together': False}]",,[],7b871076-595d-46ac-d099-08dd6d829ad0
2025-2026,Monterey Peninsula College,"California State University, Monterey Bay",Mechatronics Engineering B.S.,"{""type"": ""Conjunction"", ""conjunction"": ""And"", ""id"": ""33b153e0-7a6e-4fa7-cbb9-08dd6d829ac2"", ""selectionType"": ""Complete""}",,Course,ENGR 110 - Introduction to Engineering and Design,ENGR 1A - Introduction to Engineering,['ENGR 1A - Introduction to Engineering'],"[{'option': 1, 'groups': [{'group_conjunction': 'AND', 'courses': ['ENGR 1A - Introduction to Engineering']}], 'courses': ['ENGR 1A - Introduction to Engineering'], 'must_take_together': False}]",,[],6a84c02e-e199-46de-c733-08dd71753ab5
2025-2026,Monterey Peninsula College,"California State University, Monterey Bay",Mechatronics Engineering B.S.,"{""type"": ""Conjunction"", ""conjunction"": ""And"", ""id"": ""33b153e0-7a6e-4fa7-cbb9-08dd6d829ac2"", ""selectionType"": ""Complete""}",,Series,"ENGR 140, ENGR 140L",ENGR 4 - Engineering Materials,['ENGR 4 - Engineering Materials'],"[{'option': 1, 'groups': [{'group_conjunction': 'AND', 'courses': ['ENGR 4 - Engineering Materials']}], 'courses': ['ENGR 4 - Engineering Materials'], 'must_take_together': False}]",,[],df1f7f46-8c38-419c-d095-08dd6d829ad0
2025-2026,Monterey Peninsula College,"California State University, Monterey Bay",Mechatronics Engineering B.S.,"{""type"": ""Conjunction"", ""conjunction"": ""And"", ""id"": ""33b153e0-7a6e-4fa7-cbb9-08dd6d829ac2"", ""selectionType"": ""Complete""}",,Series,"ENGR 260, ENGR 260L",ENGR 12 - Engineering Circuits AND ENGR 12L - Engineering Circuits Laboratory,['ENGR 12 - Engineering Circuits AND ENGR 12L - Engineering Circuits Laboratory'],"[{'option': 1, 'groups': [{'group_conjunction': 'AND', 'courses': ['ENGR 12 - Engineering Circuits', 'ENGR 12L - Engineering Circuits Laboratory']}], 'courses': ['ENGR 12 - Engineering Circuits', 'ENGR 12L - Engineering Circuits Laboratory'], 'must_take_together': True}]",,[],8d66b4eb-d510-44bc-d096-08dd6d829ad0
2025-2026,Monterey Peninsula College,"California State University, Monterey Bay",Mechatronics Engineering B.S.,"{""type"": ""Conjunction"", ""conjunction"": ""And"", ""id"": ""33b153e0-7a6e-4fa7-cbb9-08dd6d829ac2"", ""selectionType"": ""Complete""}",,Series,"CHEM 110, CHEM 110L",CHEM 1A - General Chemistry I,['CHEM 1A - General Chemistry I'],"[{'option': 1, 'groups': [{'group_conjunction': 'AND', 'courses': ['CHEM 1A - General Chemistry I']}], 'courses': ['CHEM 1A - General Chemistry I'], 'must_take_together': False}]",,[],087aeb3c-1197-43fd-d097-08dd6d829ad0
2025-2026,Monterey Peninsula College,"California State University, Monterey Bay",Statistics & Data Science B.S.,"{""type"": ""Conjunction"", ""conjunction"": ""And"", ""id"": ""87290f14-cac2-460a-cbba-08dd6d829ac2"", ""selectionType"": ""Complete""}",,Course,MATH 170 - Discrete Mathematics,(MATH 40 - Discrete Mathematics) OR (CSCI 12 - Discrete Structures),"['MATH 40 - Discrete Mathematics', 'CSCI 12 - Discrete Structures']","[{'option': 1, 'groups': [{'group_conjunction': 'AND', 'courses': ['MATH 40 - Discrete Mathematics']}], 'courses': ['MATH 40 - Discrete Mathematics'], 'must_take_together': False}, {'option': 2, 'groups': [{'group_conjunction': 'AND', 'courses': ['CSCI 12 - Discrete Structures']}], 'courses': ['CSCI 12 - Discrete Structures'], 'must_take_together': False}]",,[],e53cfd15-b0b7-4c59-d09a-08dd6d829ad0
2025-2026,Monterey Peninsula College,"California State University, Monterey Bay",Statistics & Data Science B.S.,"{""type"": ""Conjunction"", ""conjunction"": ""And"", ""id"": ""87290f14-cac2-460a-cbba-08dd6d829ac2"", ""selectionType"": ""Complete""}",,Course,MATH 250 - Multivariate Calculus,MATH 20C - Calculus of Several Variables,['MATH 20C - Calculus of Several Variables'],"[{'option': 1, 'groups': [{'group_conjunction': 'AND', 'courses': ['MATH 20C - Calculus of Several Variables']}], 'courses': ['MATH 20C - Calculus of Several Variables'], 'must_take_together': False}]",,[],ffc6e9d3-63b6-41c5-d09b-08dd6d829ad0
2025-2026,Monterey Peninsula College,"California State University, Monterey Bay",Statistics & Data Science B.S.,"{""type"": ""Conjunction"", ""conjunction"": ""And"", ""id"": ""87290f14-cac2-460a-cbba-08dd6d829ac2"", ""selectionType"": ""Complete""}",,Course,MATH 151 - Calculus II,MATH 20B - Calculus with Analytic Geometry II,['MATH 20B - Calculus with Analytic Geometry II'],"[{'option': 1, 'groups': [{'group_conjunction': 'AND', 'courses': ['MATH 20B - Calculus with Analytic Geometry II']}], 'courses': ['MATH 20B - Calculus with Analytic Geometry II'], 'must_take_together': False}]",,[],128c5761-7a67-4753-d09c-08dd6d829ad0
2025-2026,Monterey Peninsula College,"California State University, Monterey Bay",Statistics & Data Science B.S.,"{""type"": ""Conjunction"", ""conjunction"": ""And"", ""id"": ""87290f14-cac2-460a-cbba-08dd6d829ac2"", ""selectionType"": ""Complete""}",,Course,MATH 150 - Calculus I,MATH 20A - Calculus with Analytic Geometry I,['MATH 20A - Calculus with Analytic Geometry I'],"[{'option': 1, 'groups': [{'group_conjunction': 'AND', 'courses': ['MATH 20A - Calculus with Analytic Geometry I']}], 'courses': ['MATH 20A - Calculus with Analytic Geometry I'], 'must_take_together': False}]",,[],cdc3ee28-623a-42f3-d09d-08dd6d829ad0
2025-2026,Monterey Peninsula College,"California State University, Monterey Bay",Statistics & Data Science B.S.,"{""type"": ""Conjunction"", ""conjunction"": ""And"", ""id"": ""87290f14-cac2-460a-cbba-08dd6d829ac2"", ""selectionType"": ""Complete""}",,Course,MATH 230 - Elementary Linear Algebra,MATH 31 - Linear Algebra,['MATH 31 - Linear Algebra'],"[{'option': 1, 'groups': [{'group_conjunction': 'AND', 'courses': ['MATH 31 - Linear Algebra']}], 'courses': ['MATH 31 - Linear Algebra'], 'must_take_together': False}]",,[],63be958e-0f36-42ed-d09e-08dd6d829ad0
2025-2026,Monterey Peninsula College,"California State University, Monterey Bay",Statistics & Data Science B.S.,"{""type"": ""Conjunction"", ""conjunction"": ""And"", ""id"": ""87290f14-cac2-460a-cbba-08dd6d829ac2"", ""selectionType"": ""Complete""}",,Course,MATH 265 - Differential Equations and Linear Algebra,MATH 32 - Differential Equations AND MATH 31 - Linear Algebra,['MATH 32 - Differential Equations AND MATH 31 - Linear Algebra'],"[{'option': 1, 'groups': [{'group_conjunction': 'AND', 'courses': ['MATH 32 - Differential Equations', 'MATH 31 - Linear Algebra']}], 'courses': ['MATH 32 - Differential Equations', 'MATH 31 - Linear Algebra'], 'must_take_together': True}]",,[],25597677-5411-48b5-d09f-08dd6d829ad0
2025-2026,Monterey Peninsula College,"California State University, Monterey Bay",Statistics & Data Science B.S.,"{""type"": ""Conjunction"", ""conjunction"": ""And"", ""id"": ""87290f14-cac2-460a-cbba-08dd6d829ac2"", ""selectionType"": ""Complete""}",,Course,CST 231 - Problem Solving and Programming,((CSCI 10A - Programming Methods I: JAVA) OR (CSCI 10C - Programming Methods 1.5 - C and C++)) OR (CSCI 9 - Programming Fundamentals: Python),"['CSCI 10A - Programming Methods I: JAVA', 'CSCI 10C - Programming Methods 1.5 - C and C++', 'CSCI 9 - Programming Fundamentals: Python']","[{'option': 1, 'groups': [{'group_conjunction': 'AND', 'courses': ['CSCI 10A - Programming Methods I: JAVA']}], 'courses': ['CSCI 10A - Programming Methods I: JAVA'], 'must_take_together': False}, {'option': 2, 'groups': [{'group_conjunction': 'AND', 'courses': ['CSCI 10C - Programming Methods 1.5 - C and C++']}], 'courses': ['CSCI 10C - Programming Methods 1.5 - C and C++'], 'must_take_together': False}, {'option': 3, 'groups': [{'group_conjunction': 'AND', 'courses': ['CSCI 9 - Programming Fundamentals: Python']}], 'courses': ['CSCI 9 - Programming Fundamentals: Python'], 'must_take_together': False}]",,[],82d6d4ab-64ae-4f74-d0a0-08dd6d829ad0
2025-2026,Monterey Peninsula College,"California State University, Monterey Bay",Global Studies B.A.,"{""type"": ""Conjunction"", ""conjunction"": ""And"", ""id"": ""5d8b9d5a-9d4b-4a91-cbbb-08dd6d829ac2"", ""selectionType"": ""Complete""}",,Course,GS 206 - Understanding Globalization,(GLST 1 - Introduction to Global Studies) OR (GLST 2 - Global Issues),"['GLST 1 - Introduction to Global Studies', 'GLST 2 - Global Issues']","[{'option': 1, 'groups': [{'group_conjunction': 'AND', 'courses': ['GLST 1 - Introduction to Global Studies']}], 'courses': ['GLST 1 - Introduction to Global Studies'], 'must_take_together': False}, {'option': 2, 'groups': [{'group_conjunction': 'AND', 'courses': ['GLST 2 - Global Issues']}], 'courses': ['GLST 2 - Global Issues'], 'must_take_together': False}]",,[],3902541a-9bbc-4ef3-d0a4-08dd6d829ad0
2025-2026,Monterey Peninsula College,"California State University, Monterey Bay",Computer Science B.S. Online Degree Completion,"{""type"": ""Conjunction"", ""conjunction"": ""And"", ""id"": ""a6dbbb1f-07da-417e-a9ec-08dd875320ce"", ""selectionType"": ""Complete""}",,Course,CST 231 - Problem Solving and Programming,((CSCI 10A - Programming Methods I: JAVA) OR (CSCI 10C - Programming Methods 1.5 - C and C++)) OR (CSCI 9 - Programming Fundamentals: Python),"['CSCI 10A - Programming Methods I: JAVA', 'CSCI 10C - Programming Methods 1.5 - C and C++', 'CSCI 9 - Programming Fundamentals: Python']","[{'option': 1, 'groups': [{'group_conjunction': 'AND', 'courses': ['CSCI 10A - Programming Methods I: JAVA']}], 'courses': ['CSCI 10A - Programming Methods I: JAVA'], 'must_take_together': False}, {'option': 2, 'groups': [{'group_conjunction': 'AND', 'courses': ['CSCI 10C - Programming Methods 1.5 - C and C++']}], 'courses': ['CSCI 10C - Programming Methods 1.5 - C and C++'], 'must_take_together': False}, {'option': 3, 'groups': [{'group_conjunction': 'AND', 'courses': ['CSCI 9 - Programming Fundamentals: Python']}], 'courses': ['CSCI 9 - Programming Fundamentals: Python'], 'must_take_together': False}]",,[],9240e506-a858-4129-c7c3-08dd86a9c1a6
2025-2026,Monterey Peninsula College,"California State University, Monterey Bay",Computer Science B.S. Online Degree Completion,"{""type"": ""Conjunction"", ""conjunction"": ""And"", ""id"": ""a6dbbb1f-07da-417e-a9ec-08dd875320ce"", ""selectionType"": ""Complete""}",,Course,CST 238 - Introduction to Data Structure,CSCI 10B - Programming Methods II: JAVA,['CSCI 10B - Programming Methods II: JAVA'],"[{'option': 1, 'groups': [{'group_conjunction': 'AND', 'courses': ['CSCI 10B - Programming Methods II: JAVA']}], 'courses': ['CSCI 10B - Programming Methods II: JAVA'], 'must_take_together': False}]",,[],90a65dda-551c-4fa6-c7c4-08dd86a9c1a6
2025-2026,Monterey Peninsula College,"California State University, Monterey Bay",Computer Science B.S. Online Degree Completion,"{""type"": ""Conjunction"", ""conjunction"": ""And"", ""id"": ""a6dbbb1f-07da-417e-a9ec-08dd875320ce"", ""selectionType"": ""Complete""}",,Course,MATH 130 - Precalculus,MATH 13 - Pre-Calculus,['MATH 13 - Pre-Calculus'],"[{'option': 1, 'groups': [{'group_conjunction': 'AND', 'courses': ['MATH 13 - Pre-Calculus']}], 'courses': ['MATH 13 - Pre-Calculus'], 'must_take_together': False}]",,[],9181c467-488d-490c-c7c5-08dd86a9c1a6
2025-2026,Monterey Peninsula College,"California State University, Monterey Bay",Computer Science B.S. Online Degree Completion,"{""type"": ""Conjunction"", ""conjunction"": ""And"", ""id"": ""0e00f27f-a5c1-4ea5-a9ed-08dd875320ce"", ""selectionType"": ""Complete""}",,Course,MATH 170 - Discrete Mathematics,(MATH 40 - Discrete Mathematics) OR (CSCI 12 - Discrete Structures),"['MATH 40 - Discrete Mathematics', 'CSCI 12 - Discrete Structures']","[{'option': 1, 'groups': [{'group_conjunction': 'AND', 'courses': ['MATH 40 - Discrete Mathematics']}], 'courses': ['MATH 40 - Discrete Mathematics'], 'must_take_together': False}, {'option': 2, 'groups': [{'group_conjunction': 'AND', 'courses': ['CSCI 12 - Discrete Structures']}], 'courses': ['CSCI 12 - Discrete Structures'], 'must_take_together': False}]",,[],7e75867b-7f2e-4911-c7c6-08dd86a9c1a6
2025-2026,Monterey Peninsula College,"California State University, Monterey Bay",Computer Science B.S. Online Degree Completion,"{""type"": ""Conjunction"", ""conjunction"": ""And"", ""id"": ""0e00f27f-a5c1-4ea5-a9ed-08dd875320ce"", ""selectionType"": ""Complete""}",,Course,CST 237 - Introduction to Computer Architecture,CSCI 11 - Computer Architectures and Organization,['CSCI 11 - Computer Architectures and Organization'],"[{'option': 1, 'groups': [{'group_conjunction': 'AND', 'courses': ['CSCI 11 - Computer Architectures and Organization']}], 'courses': ['CSCI 11 - Computer Architectures and Organization'], 'must_take_together': False}]",,[],a31ace0f-989c-4b25-c7c7-08dd86a9c1a6
2025-2026,Monterey Peninsula College,"California State University, Monterey Bay",Computer Science B.S. Online Degree Completion,"{""type"": ""Conjunction"", ""conjunction"": ""And"", ""id"": ""0e00f27f-a5c1-4ea5-a9ed-08dd875320ce"", ""selectionType"": ""Complete""}",,Course,MATH 150 - Calculus I,MATH 20A - Calculus with Analytic Geometry I,['MATH 20A - Calculus with Analytic Geometry I'],"[{'option': 1, 'groups': [{'group_conjunction': 'AND', 'courses': ['MATH 20A - Calculus with Analytic Geometry I']}], 'courses': ['MATH 20A - Calculus with Analytic Geometry I'], 'must_take_together': False}]",,[],9d2272b8-a692-433e-c7c8-08dd86a9c1a6
2025-2026,Monterey Peninsula College,"California State University, Monterey Bay",Computer Science B.S. Online Degree Completion,"{""type"": ""Conjunction"", ""conjunction"": ""And"", ""id"": ""0e00f27f-a5c1-4ea5-a9ed-08dd875320ce"", ""selectionType"": ""Complete""}",,Course,MATH 151 - Calculus II,MATH 20B - Calculus with Analytic Geometry II,['MATH 20B - Calculus with Analytic Geometry II'],"[{'option': 1, 'groups': [{'group_conjunction': 'AND', 'courses': ['MATH 20B - Calculus with Analytic Geometry II']}], 'courses': ['MATH 20B - Calculus with Analytic Geometry II'], 'must_take_together': False}]",,[],a7d6a076-8b4e-4f48-c7c9-08dd86a9c1a6
2025-2026,Monterey Peninsula College,"California State University, Monterey Bay",Computer Science B.S. Online Degree Completion,"{""type"": ""Conjunction"", ""conjunction"": ""And"", ""id"": ""0e00f27f-a5c1-4ea5-a9ed-08dd875320ce"", ""selectionType"": ""Complete""}",,Course,MATH 230 - Elementary Linear Algebra,MATH 31 - Linear Algebra,['MATH 31 - Linear Algebra'],"[{'option': 1, 'groups': [{'group_conjunction': 'AND', 'courses': ['MATH 31 - Linear Algebra']}], 'courses': ['MATH 31 - Linear Algebra'], 'must_take_together': False}]",,[],babfd289-6706-4e0a-c7ca-08dd86a9c1a6
